scope,benchmark,stage,grouping,group,data_status,disagreement_cases,sgf_correct_count,committed_history_correct_count,sgf_win_pct,committed_history_win_pct,more_often_correct
overall,ALL,ALL,all_disagreements,all,observed,1148238,920233,228005,80.143054,19.856946,SGF
overall,ALL,ALL,sgf_pht_counter,00,observed,545837,470646,75191,86.224642,13.775358,SGF
overall,ALL,ALL,sgf_pht_counter,01,observed,108769,68437,40332,62.919582,37.080418,SGF
overall,ALL,ALL,sgf_pht_counter,10,observed,97201,46942,50259,48.293742,51.706258,committed_history
overall,ALL,ALL,sgf_pht_counter,11,observed,396431,334208,62223,84.304204,15.695796,SGF
overall,ALL,ALL,shadow_pht_counter,00,observed,278351,209089,69262,75.117028,24.882972,SGF
overall,ALL,ALL,shadow_pht_counter,01,observed,215281,172061,43220,79.923913,20.076087,SGF
overall,ALL,ALL,shadow_pht_counter,10,observed,122718,97247,25471,79.244284,20.755716,SGF
overall,ALL,ALL,shadow_pht_counter,11,observed,531888,441836,90052,83.069368,16.930632,SGF
overall,ALL,ALL,unresolved_branch_depth,0,observed,226378,156004,70374,68.913057,31.086943,SGF
overall,ALL,ALL,unresolved_branch_depth,1,observed,789461,650028,139433,82.338203,17.661797,SGF
overall,ALL,ALL,unresolved_branch_depth,2,observed,132397,114199,18198,86.254976,13.745024,SGF
overall,ALL,ALL,unresolved_branch_depth,3,observed,2,2,0,100.000000,0.000000,SGF
overall,ALL,ALL,ghr_hamming_distance,0,known_zero,0,0,0,,,no_cases
overall,ALL,ALL,ghr_hamming_distance,1,unavailable,,,,,,unavailable
overall,ALL,ALL,ghr_hamming_distance,2,unavailable,,,,,,unavailable
overall,ALL,ALL,ghr_hamming_distance,3,unavailable,,,,,,unavailable
overall,ALL,ALL,ghr_hamming_distance,4,unavailable,,,,,,unavailable
overall,ALL,ALL,ghr_hamming_distance,5,unavailable,,,,,,unavailable
overall,ALL,ALL,ghr_hamming_distance,6,unavailable,,,,,,unavailable
overall,ALL,ALL,ghr_hamming_distance,nonzero_distance_unknown,partially_observed,1148238,920233,228005,80.143054,19.856946,SGF
overall,ALL,ALL,ghr_bit_difference,same_history,known_zero,0,0,0,,,no_cases
overall,ALL,ALL,ghr_bit_difference,one_bit,unavailable,,,,,,unavailable
overall,ALL,ALL,ghr_bit_difference,multiple_bits,unavailable,,,,,,unavailable
overall,ALL,ALL,ghr_bit_difference,one_or_multiple_unknown,partially_observed,1148238,920233,228005,80.143054,19.856946,SGF
overall,ALL,6,all_disagreements,all,observed,373779,300537,73242,80.404999,19.595001,SGF
overall,ALL,6,sgf_pht_counter,00,observed,191291,169078,22213,88.387849,11.612151,SGF
overall,ALL,6,sgf_pht_counter,01,observed,35330,21060,14270,59.609397,40.390603,SGF
overall,ALL,6,sgf_pht_counter,10,observed,29850,13657,16193,45.752094,54.247906,committed_history
overall,ALL,6,sgf_pht_counter,11,observed,117308,96742,20566,82.468374,17.531626,SGF
overall,ALL,6,shadow_pht_counter,00,observed,89861,67387,22474,74.990263,25.009737,SGF
overall,ALL,6,shadow_pht_counter,01,observed,57297,43012,14285,75.068503,24.931497,SGF
overall,ALL,6,shadow_pht_counter,10,observed,40524,32609,7915,80.468364,19.531636,SGF
overall,ALL,6,shadow_pht_counter,11,observed,186097,157529,28568,84.648866,15.351134,SGF
overall,ALL,6,unresolved_branch_depth,0,observed,58928,40315,18613,68.413997,31.586003,SGF
overall,ALL,6,unresolved_branch_depth,1,observed,270403,221879,48524,82.054933,17.945067,SGF
overall,ALL,6,unresolved_branch_depth,2,observed,44446,38341,6105,86.264231,13.735769,SGF
overall,ALL,6,unresolved_branch_depth,3,observed,2,2,0,100.000000,0.000000,SGF
overall,ALL,6,ghr_hamming_distance,0,known_zero,0,0,0,,,no_cases
overall,ALL,6,ghr_hamming_distance,1,unavailable,,,,,,unavailable
overall,ALL,6,ghr_hamming_distance,2,unavailable,,,,,,unavailable
overall,ALL,6,ghr_hamming_distance,3,unavailable,,,,,,unavailable
overall,ALL,6,ghr_hamming_distance,4,unavailable,,,,,,unavailable
overall,ALL,6,ghr_hamming_distance,5,unavailable,,,,,,unavailable
overall,ALL,6,ghr_hamming_distance,6,unavailable,,,,,,unavailable
overall,ALL,6,ghr_hamming_distance,nonzero_distance_unknown,partially_observed,373779,300537,73242,80.404999,19.595001,SGF
overall,ALL,6,ghr_bit_difference,same_history,known_zero,0,0,0,,,no_cases
overall,ALL,6,ghr_bit_difference,one_bit,unavailable,,,,,,unavailable
overall,ALL,6,ghr_bit_difference,multiple_bits,unavailable,,,,,,unavailable
overall,ALL,6,ghr_bit_difference,one_or_multiple_unknown,partially_observed,373779,300537,73242,80.404999,19.595001,SGF
overall,ALL,7,all_disagreements,all,observed,321565,250802,70763,77.994185,22.005815,SGF
overall,ALL,7,sgf_pht_counter,00,observed,142685,119498,23187,83.749518,16.250482,SGF
overall,ALL,7,sgf_pht_counter,01,observed,33958,21583,12375,63.557924,36.442076,SGF
overall,ALL,7,sgf_pht_counter,10,observed,32690,16325,16365,49.938819,50.061181,committed_history
overall,ALL,7,sgf_pht_counter,11,observed,112232,93396,18836,83.216908,16.783092,SGF
overall,ALL,7,shadow_pht_counter,00,observed,87979,65771,22208,74.757613,25.242387,SGF
overall,ALL,7,shadow_pht_counter,01,observed,56943,43950,12993,77.182446,22.817554,SGF
overall,ALL,7,shadow_pht_counter,10,observed,39892,31668,8224,79.384338,20.615662,SGF
overall,ALL,7,shadow_pht_counter,11,observed,136751,109413,27338,80.008921,19.991079,SGF
overall,ALL,7,unresolved_branch_depth,0,observed,74707,51194,23513,68.526376,31.473624,SGF
overall,ALL,7,unresolved_branch_depth,1,observed,202549,161404,41145,79.686397,20.313603,SGF
overall,ALL,7,unresolved_branch_depth,2,observed,44309,38204,6105,86.221761,13.778239,SGF
overall,ALL,7,unresolved_branch_depth,3,observed,0,0,0,,,no_cases
overall,ALL,7,ghr_hamming_distance,0,known_zero,0,0,0,,,no_cases
overall,ALL,7,ghr_hamming_distance,1,unavailable,,,,,,unavailable
overall,ALL,7,ghr_hamming_distance,2,unavailable,,,,,,unavailable
overall,ALL,7,ghr_hamming_distance,3,unavailable,,,,,,unavailable
overall,ALL,7,ghr_hamming_distance,4,unavailable,,,,,,unavailable
overall,ALL,7,ghr_hamming_distance,5,unavailable,,,,,,unavailable
overall,ALL,7,ghr_hamming_distance,6,unavailable,,,,,,unavailable
overall,ALL,7,ghr_hamming_distance,nonzero_distance_unknown,partially_observed,321565,250802,70763,77.994185,22.005815,SGF
overall,ALL,7,ghr_bit_difference,same_history,known_zero,0,0,0,,,no_cases
overall,ALL,7,ghr_bit_difference,one_bit,unavailable,,,,,,unavailable
overall,ALL,7,ghr_bit_difference,multiple_bits,unavailable,,,,,,unavailable
overall,ALL,7,ghr_bit_difference,one_or_multiple_unknown,partially_observed,321565,250802,70763,77.994185,22.005815,SGF
overall,ALL,8,all_disagreements,all,observed,452894,368894,84000,81.452614,18.547386,SGF
overall,ALL,8,sgf_pht_counter,00,observed,211861,182070,29791,85.938422,14.061578,SGF
overall,ALL,8,sgf_pht_counter,01,observed,39481,25794,13687,65.332692,34.667308,SGF
overall,ALL,8,sgf_pht_counter,10,observed,34661,16960,17701,48.931075,51.068925,committed_history
overall,ALL,8,sgf_pht_counter,11,observed,166891,144070,22821,86.325805,13.674195,SGF
overall,ALL,8,shadow_pht_counter,00,observed,100511,75931,24580,75.544965,24.455035,SGF
overall,ALL,8,shadow_pht_counter,01,observed,101041,85099,15942,84.222246,15.777754,SGF
overall,ALL,8,shadow_pht_counter,10,observed,42302,32970,9332,77.939577,22.060423,SGF
overall,ALL,8,shadow_pht_counter,11,observed,209040,174894,34146,83.665327,16.334673,SGF
overall,ALL,8,unresolved_branch_depth,0,observed,92743,64495,28248,69.541637,30.458363,SGF
overall,ALL,8,unresolved_branch_depth,1,observed,316509,266745,49764,84.277224,15.722776,SGF
overall,ALL,8,unresolved_branch_depth,2,observed,43642,37654,5988,86.279272,13.720728,SGF
overall,ALL,8,unresolved_branch_depth,3,observed,0,0,0,,,no_cases
overall,ALL,8,ghr_hamming_distance,0,known_zero,0,0,0,,,no_cases
overall,ALL,8,ghr_hamming_distance,1,unavailable,,,,,,unavailable
overall,ALL,8,ghr_hamming_distance,2,unavailable,,,,,,unavailable
overall,ALL,8,ghr_hamming_distance,3,unavailable,,,,,,unavailable
overall,ALL,8,ghr_hamming_distance,4,unavailable,,,,,,unavailable
overall,ALL,8,ghr_hamming_distance,5,unavailable,,,,,,unavailable
overall,ALL,8,ghr_hamming_distance,6,unavailable,,,,,,unavailable
overall,ALL,8,ghr_hamming_distance,nonzero_distance_unknown,partially_observed,452894,368894,84000,81.452614,18.547386,SGF
overall,ALL,8,ghr_bit_difference,same_history,known_zero,0,0,0,,,no_cases
overall,ALL,8,ghr_bit_difference,one_bit,unavailable,,,,,,unavailable
overall,ALL,8,ghr_bit_difference,multiple_bits,unavailable,,,,,,unavailable
overall,ALL,8,ghr_bit_difference,one_or_multiple_unknown,partially_observed,452894,368894,84000,81.452614,18.547386,SGF
benchmark,aha-mont64,ALL,all_disagreements,all,observed,239106,207354,31752,86.720534,13.279466,SGF
benchmark,aha-mont64,ALL,sgf_pht_counter,00,observed,86520,79416,7104,91.789182,8.210818,SGF
benchmark,aha-mont64,ALL,sgf_pht_counter,01,observed,16564,9466,7098,57.148032,42.851968,SGF
benchmark,aha-mont64,ALL,sgf_pht_counter,10,observed,13289,5699,7590,42.885093,57.114907,committed_history
benchmark,aha-mont64,ALL,sgf_pht_counter,11,observed,122733,112773,9960,91.884823,8.115177,SGF
benchmark,aha-mont64,ALL,shadow_pht_counter,00,observed,116054,99956,16098,86.128871,13.871129,SGF
benchmark,aha-mont64,ALL,shadow_pht_counter,01,observed,19968,18516,1452,92.728365,7.271635,SGF
benchmark,aha-mont64,ALL,shadow_pht_counter,10,observed,24212,21365,2847,88.241368,11.758632,SGF
benchmark,aha-mont64,ALL,shadow_pht_counter,11,observed,78872,67517,11355,85.603256,14.396744,SGF
benchmark,aha-mont64,ALL,unresolved_branch_depth,0,observed,45495,19896,25599,43.732278,56.267722,committed_history
benchmark,aha-mont64,ALL,unresolved_branch_depth,1,observed,193611,187458,6153,96.821978,3.178022,SGF
benchmark,aha-mont64,ALL,unresolved_branch_depth,2,observed,0,0,0,,,no_cases
benchmark,aha-mont64,ALL,unresolved_branch_depth,3,observed,0,0,0,,,no_cases
benchmark,aha-mont64,ALL,ghr_hamming_distance,0,known_zero,0,0,0,,,no_cases
benchmark,aha-mont64,ALL,ghr_hamming_distance,1,unavailable,,,,,,unavailable
benchmark,aha-mont64,ALL,ghr_hamming_distance,2,unavailable,,,,,,unavailable
benchmark,aha-mont64,ALL,ghr_hamming_distance,3,unavailable,,,,,,unavailable
benchmark,aha-mont64,ALL,ghr_hamming_distance,4,unavailable,,,,,,unavailable
benchmark,aha-mont64,ALL,ghr_hamming_distance,5,unavailable,,,,,,unavailable
benchmark,aha-mont64,ALL,ghr_hamming_distance,6,unavailable,,,,,,unavailable
benchmark,aha-mont64,ALL,ghr_hamming_distance,nonzero_distance_unknown,partially_observed,239106,207354,31752,86.720534,13.279466,SGF
benchmark,aha-mont64,ALL,ghr_bit_difference,same_history,known_zero,0,0,0,,,no_cases
benchmark,aha-mont64,ALL,ghr_bit_difference,one_bit,unavailable,,,,,,unavailable
benchmark,aha-mont64,ALL,ghr_bit_difference,multiple_bits,unavailable,,,,,,unavailable
benchmark,aha-mont64,ALL,ghr_bit_difference,one_or_multiple_unknown,partially_observed,239106,207354,31752,86.720534,13.279466,SGF
benchmark,aha-mont64,6,all_disagreements,all,observed,79388,68961,10427,86.865773,13.134227,SGF
benchmark,aha-mont64,6,sgf_pht_counter,00,observed,28840,26472,2368,91.789182,8.210818,SGF
benchmark,aha-mont64,6,sgf_pht_counter,01,observed,5679,3313,2366,58.337736,41.662264,SGF
benchmark,aha-mont64,6,sgf_pht_counter,10,observed,4273,1900,2373,44.465247,55.534753,committed_history
benchmark,aha-mont64,6,sgf_pht_counter,11,observed,40596,37276,3320,91.821854,8.178146,SGF
benchmark,aha-mont64,6,shadow_pht_counter,00,observed,38213,33004,5209,86.368513,13.631487,SGF
benchmark,aha-mont64,6,shadow_pht_counter,01,observed,6656,6172,484,92.728365,7.271635,SGF
benchmark,aha-mont64,6,shadow_pht_counter,10,observed,8071,7122,949,88.241854,11.758146,SGF
benchmark,aha-mont64,6,shadow_pht_counter,11,observed,26448,22663,3785,85.688899,14.311101,SGF
benchmark,aha-mont64,6,unresolved_branch_depth,0,observed,15165,6632,8533,43.732278,56.267722,committed_history
benchmark,aha-mont64,6,unresolved_branch_depth,1,observed,64223,62329,1894,97.050901,2.949099,SGF
benchmark,aha-mont64,6,unresolved_branch_depth,2,observed,0,0,0,,,no_cases
benchmark,aha-mont64,6,unresolved_branch_depth,3,observed,0,0,0,,,no_cases
benchmark,aha-mont64,6,ghr_hamming_distance,0,known_zero,0,0,0,,,no_cases
benchmark,aha-mont64,6,ghr_hamming_distance,1,unavailable,,,,,,unavailable
benchmark,aha-mont64,6,ghr_hamming_distance,2,unavailable,,,,,,unavailable
benchmark,aha-mont64,6,ghr_hamming_distance,3,unavailable,,,,,,unavailable
benchmark,aha-mont64,6,ghr_hamming_distance,4,unavailable,,,,,,unavailable
benchmark,aha-mont64,6,ghr_hamming_distance,5,unavailable,,,,,,unavailable
benchmark,aha-mont64,6,ghr_hamming_distance,6,unavailable,,,,,,unavailable
benchmark,aha-mont64,6,ghr_hamming_distance,nonzero_distance_unknown,partially_observed,79388,68961,10427,86.865773,13.134227,SGF
benchmark,aha-mont64,6,ghr_bit_difference,same_history,known_zero,0,0,0,,,no_cases
benchmark,aha-mont64,6,ghr_bit_difference,one_bit,unavailable,,,,,,unavailable
benchmark,aha-mont64,6,ghr_bit_difference,multiple_bits,unavailable,,,,,,unavailable
benchmark,aha-mont64,6,ghr_bit_difference,one_or_multiple_unknown,partially_observed,79388,68961,10427,86.865773,13.134227,SGF
benchmark,aha-mont64,7,all_disagreements,all,observed,79388,68961,10427,86.865773,13.134227,SGF
benchmark,aha-mont64,7,sgf_pht_counter,00,observed,28840,26472,2368,91.789182,8.210818,SGF
benchmark,aha-mont64,7,sgf_pht_counter,01,observed,5679,3313,2366,58.337736,41.662264,SGF
benchmark,aha-mont64,7,sgf_pht_counter,10,observed,4273,1900,2373,44.465247,55.534753,committed_history
benchmark,aha-mont64,7,sgf_pht_counter,11,observed,40596,37276,3320,91.821854,8.178146,SGF
benchmark,aha-mont64,7,shadow_pht_counter,00,observed,38213,33004,5209,86.368513,13.631487,SGF
benchmark,aha-mont64,7,shadow_pht_counter,01,observed,6656,6172,484,92.728365,7.271635,SGF
benchmark,aha-mont64,7,shadow_pht_counter,10,observed,8071,7122,949,88.241854,11.758146,SGF
benchmark,aha-mont64,7,shadow_pht_counter,11,observed,26448,22663,3785,85.688899,14.311101,SGF
benchmark,aha-mont64,7,unresolved_branch_depth,0,observed,15165,6632,8533,43.732278,56.267722,committed_history
benchmark,aha-mont64,7,unresolved_branch_depth,1,observed,64223,62329,1894,97.050901,2.949099,SGF
benchmark,aha-mont64,7,unresolved_branch_depth,2,observed,0,0,0,,,no_cases
benchmark,aha-mont64,7,unresolved_branch_depth,3,observed,0,0,0,,,no_cases
benchmark,aha-mont64,7,ghr_hamming_distance,0,known_zero,0,0,0,,,no_cases
benchmark,aha-mont64,7,ghr_hamming_distance,1,unavailable,,,,,,unavailable
benchmark,aha-mont64,7,ghr_hamming_distance,2,unavailable,,,,,,unavailable
benchmark,aha-mont64,7,ghr_hamming_distance,3,unavailable,,,,,,unavailable
benchmark,aha-mont64,7,ghr_hamming_distance,4,unavailable,,,,,,unavailable
benchmark,aha-mont64,7,ghr_hamming_distance,5,unavailable,,,,,,unavailable
benchmark,aha-mont64,7,ghr_hamming_distance,6,unavailable,,,,,,unavailable
benchmark,aha-mont64,7,ghr_hamming_distance,nonzero_distance_unknown,partially_observed,79388,68961,10427,86.865773,13.134227,SGF
benchmark,aha-mont64,7,ghr_bit_difference,same_history,known_zero,0,0,0,,,no_cases
benchmark,aha-mont64,7,ghr_bit_difference,one_bit,unavailable,,,,,,unavailable
benchmark,aha-mont64,7,ghr_bit_difference,multiple_bits,unavailable,,,,,,unavailable
benchmark,aha-mont64,7,ghr_bit_difference,one_or_multiple_unknown,partially_observed,79388,68961,10427,86.865773,13.134227,SGF
benchmark,aha-mont64,8,all_disagreements,all,observed,80330,69432,10898,86.433462,13.566538,SGF
benchmark,aha-mont64,8,sgf_pht_counter,00,observed,28840,26472,2368,91.789182,8.210818,SGF
benchmark,aha-mont64,8,sgf_pht_counter,01,observed,5206,2840,2366,54.552439,45.447561,SGF
benchmark,aha-mont64,8,sgf_pht_counter,10,observed,4743,1899,2844,40.037951,59.962049,committed_history
benchmark,aha-mont64,8,sgf_pht_counter,11,observed,41541,38221,3320,92.007896,7.992104,SGF
benchmark,aha-mont64,8,shadow_pht_counter,00,observed,39628,33948,5680,85.666700,14.333300,SGF
benchmark,aha-mont64,8,shadow_pht_counter,01,observed,6656,6172,484,92.728365,7.271635,SGF
benchmark,aha-mont64,8,shadow_pht_counter,10,observed,8070,7121,949,88.240397,11.759603,SGF
benchmark,aha-mont64,8,shadow_pht_counter,11,observed,25976,22191,3785,85.428857,14.571143,SGF
benchmark,aha-mont64,8,unresolved_branch_depth,0,observed,15165,6632,8533,43.732278,56.267722,committed_history
benchmark,aha-mont64,8,unresolved_branch_depth,1,observed,65165,62800,2365,96.370751,3.629249,SGF
benchmark,aha-mont64,8,unresolved_branch_depth,2,observed,0,0,0,,,no_cases
benchmark,aha-mont64,8,unresolved_branch_depth,3,observed,0,0,0,,,no_cases
benchmark,aha-mont64,8,ghr_hamming_distance,0,known_zero,0,0,0,,,no_cases
benchmark,aha-mont64,8,ghr_hamming_distance,1,unavailable,,,,,,unavailable
benchmark,aha-mont64,8,ghr_hamming_distance,2,unavailable,,,,,,unavailable
benchmark,aha-mont64,8,ghr_hamming_distance,3,unavailable,,,,,,unavailable
benchmark,aha-mont64,8,ghr_hamming_distance,4,unavailable,,,,,,unavailable
benchmark,aha-mont64,8,ghr_hamming_distance,5,unavailable,,,,,,unavailable
benchmark,aha-mont64,8,ghr_hamming_distance,6,unavailable,,,,,,unavailable
benchmark,aha-mont64,8,ghr_hamming_distance,nonzero_distance_unknown,partially_observed,80330,69432,10898,86.433462,13.566538,SGF
benchmark,aha-mont64,8,ghr_bit_difference,same_history,known_zero,0,0,0,,,no_cases
benchmark,aha-mont64,8,ghr_bit_difference,one_bit,unavailable,,,,,,unavailable
benchmark,aha-mont64,8,ghr_bit_difference,multiple_bits,unavailable,,,,,,unavailable
benchmark,aha-mont64,8,ghr_bit_difference,one_or_multiple_unknown,partially_observed,80330,69432,10898,86.433462,13.566538,SGF
benchmark,bench_branch_heavy,ALL,all_disagreements,all,observed,1392,805,587,57.830460,42.169540,SGF
benchmark,bench_branch_heavy,ALL,sgf_pht_counter,00,observed,317,224,93,70.662461,29.337539,SGF
benchmark,bench_branch_heavy,ALL,sgf_pht_counter,01,observed,215,115,100,53.488372,46.511628,SGF
benchmark,bench_branch_heavy,ALL,sgf_pht_counter,10,observed,345,214,131,62.028986,37.971014,SGF
benchmark,bench_branch_heavy,ALL,sgf_pht_counter,11,observed,515,252,263,48.932039,51.067961,committed_history
benchmark,bench_branch_heavy,ALL,shadow_pht_counter,00,observed,522,280,242,53.639847,46.360153,SGF
benchmark,bench_branch_heavy,ALL,shadow_pht_counter,01,observed,338,186,152,55.029586,44.970414,SGF
benchmark,bench_branch_heavy,ALL,shadow_pht_counter,10,observed,144,97,47,67.361111,32.638889,SGF
benchmark,bench_branch_heavy,ALL,shadow_pht_counter,11,observed,388,242,146,62.371134,37.628866,SGF
benchmark,bench_branch_heavy,ALL,unresolved_branch_depth,0,observed,233,89,144,38.197425,61.802575,committed_history
benchmark,bench_branch_heavy,ALL,unresolved_branch_depth,1,observed,1159,716,443,61.777394,38.222606,SGF
benchmark,bench_branch_heavy,ALL,unresolved_branch_depth,2,observed,0,0,0,,,no_cases
benchmark,bench_branch_heavy,ALL,unresolved_branch_depth,3,observed,0,0,0,,,no_cases
benchmark,bench_branch_heavy,ALL,ghr_hamming_distance,0,known_zero,0,0,0,,,no_cases
benchmark,bench_branch_heavy,ALL,ghr_hamming_distance,1,unavailable,,,,,,unavailable
benchmark,bench_branch_heavy,ALL,ghr_hamming_distance,2,unavailable,,,,,,unavailable
benchmark,bench_branch_heavy,ALL,ghr_hamming_distance,3,unavailable,,,,,,unavailable
benchmark,bench_branch_heavy,ALL,ghr_hamming_distance,4,unavailable,,,,,,unavailable
benchmark,bench_branch_heavy,ALL,ghr_hamming_distance,5,unavailable,,,,,,unavailable
benchmark,bench_branch_heavy,ALL,ghr_hamming_distance,6,unavailable,,,,,,unavailable
benchmark,bench_branch_heavy,ALL,ghr_hamming_distance,nonzero_distance_unknown,partially_observed,1392,805,587,57.830460,42.169540,SGF
benchmark,bench_branch_heavy,ALL,ghr_bit_difference,same_history,known_zero,0,0,0,,,no_cases
benchmark,bench_branch_heavy,ALL,ghr_bit_difference,one_bit,unavailable,,,,,,unavailable
benchmark,bench_branch_heavy,ALL,ghr_bit_difference,multiple_bits,unavailable,,,,,,unavailable
benchmark,bench_branch_heavy,ALL,ghr_bit_difference,one_or_multiple_unknown,partially_observed,1392,805,587,57.830460,42.169540,SGF
benchmark,bench_branch_heavy,6,all_disagreements,all,observed,555,357,198,64.324324,35.675676,SGF
benchmark,bench_branch_heavy,6,sgf_pht_counter,00,observed,186,162,24,87.096774,12.903226,SGF
benchmark,bench_branch_heavy,6,sgf_pht_counter,01,observed,72,43,29,59.722222,40.277778,SGF
benchmark,bench_branch_heavy,6,sgf_pht_counter,10,observed,115,68,47,59.130435,40.869565,SGF
benchmark,bench_branch_heavy,6,sgf_pht_counter,11,observed,182,84,98,46.153846,53.846154,committed_history
benchmark,bench_branch_heavy,6,shadow_pht_counter,00,observed,180,88,92,48.888889,51.111111,committed_history
benchmark,bench_branch_heavy,6,shadow_pht_counter,01,observed,117,64,53,54.700855,45.299145,SGF
benchmark,bench_branch_heavy,6,shadow_pht_counter,10,observed,80,65,15,81.250000,18.750000,SGF
benchmark,bench_branch_heavy,6,shadow_pht_counter,11,observed,178,140,38,78.651685,21.348315,SGF
benchmark,bench_branch_heavy,6,unresolved_branch_depth,0,observed,69,22,47,31.884058,68.115942,committed_history
benchmark,bench_branch_heavy,6,unresolved_branch_depth,1,observed,486,335,151,68.930041,31.069959,SGF
benchmark,bench_branch_heavy,6,unresolved_branch_depth,2,observed,0,0,0,,,no_cases
benchmark,bench_branch_heavy,6,unresolved_branch_depth,3,observed,0,0,0,,,no_cases
benchmark,bench_branch_heavy,6,ghr_hamming_distance,0,known_zero,0,0,0,,,no_cases
benchmark,bench_branch_heavy,6,ghr_hamming_distance,1,unavailable,,,,,,unavailable
benchmark,bench_branch_heavy,6,ghr_hamming_distance,2,unavailable,,,,,,unavailable
benchmark,bench_branch_heavy,6,ghr_hamming_distance,3,unavailable,,,,,,unavailable
benchmark,bench_branch_heavy,6,ghr_hamming_distance,4,unavailable,,,,,,unavailable
benchmark,bench_branch_heavy,6,ghr_hamming_distance,5,unavailable,,,,,,unavailable
benchmark,bench_branch_heavy,6,ghr_hamming_distance,6,unavailable,,,,,,unavailable
benchmark,bench_branch_heavy,6,ghr_hamming_distance,nonzero_distance_unknown,partially_observed,555,357,198,64.324324,35.675676,SGF
benchmark,bench_branch_heavy,6,ghr_bit_difference,same_history,known_zero,0,0,0,,,no_cases
benchmark,bench_branch_heavy,6,ghr_bit_difference,one_bit,unavailable,,,,,,unavailable
benchmark,bench_branch_heavy,6,ghr_bit_difference,multiple_bits,unavailable,,,,,,unavailable
benchmark,bench_branch_heavy,6,ghr_bit_difference,one_or_multiple_unknown,partially_observed,555,357,198,64.324324,35.675676,SGF
benchmark,bench_branch_heavy,7,all_disagreements,all,observed,420,226,194,53.809524,46.190476,SGF
benchmark,bench_branch_heavy,7,sgf_pht_counter,00,observed,58,30,28,51.724138,48.275862,SGF
benchmark,bench_branch_heavy,7,sgf_pht_counter,01,observed,66,35,31,53.030303,46.969697,SGF
benchmark,bench_branch_heavy,7,sgf_pht_counter,10,observed,125,79,46,63.200000,36.800000,SGF
benchmark,bench_branch_heavy,7,sgf_pht_counter,11,observed,171,82,89,47.953216,52.046784,committed_history
benchmark,bench_branch_heavy,7,shadow_pht_counter,00,observed,166,92,74,55.421687,44.578313,SGF
benchmark,bench_branch_heavy,7,shadow_pht_counter,01,observed,130,69,61,53.076923,46.923077,SGF
benchmark,bench_branch_heavy,7,shadow_pht_counter,10,observed,21,10,11,47.619048,52.380952,committed_history
benchmark,bench_branch_heavy,7,shadow_pht_counter,11,observed,103,55,48,53.398058,46.601942,SGF
benchmark,bench_branch_heavy,7,unresolved_branch_depth,0,observed,82,34,48,41.463415,58.536585,committed_history
benchmark,bench_branch_heavy,7,unresolved_branch_depth,1,observed,338,192,146,56.804734,43.195266,SGF
benchmark,bench_branch_heavy,7,unresolved_branch_depth,2,observed,0,0,0,,,no_cases
benchmark,bench_branch_heavy,7,unresolved_branch_depth,3,observed,0,0,0,,,no_cases
benchmark,bench_branch_heavy,7,ghr_hamming_distance,0,known_zero,0,0,0,,,no_cases
benchmark,bench_branch_heavy,7,ghr_hamming_distance,1,unavailable,,,,,,unavailable
benchmark,bench_branch_heavy,7,ghr_hamming_distance,2,unavailable,,,,,,unavailable
benchmark,bench_branch_heavy,7,ghr_hamming_distance,3,unavailable,,,,,,unavailable
benchmark,bench_branch_heavy,7,ghr_hamming_distance,4,unavailable,,,,,,unavailable
benchmark,bench_branch_heavy,7,ghr_hamming_distance,5,unavailable,,,,,,unavailable
benchmark,bench_branch_heavy,7,ghr_hamming_distance,6,unavailable,,,,,,unavailable
benchmark,bench_branch_heavy,7,ghr_hamming_distance,nonzero_distance_unknown,partially_observed,420,226,194,53.809524,46.190476,SGF
benchmark,bench_branch_heavy,7,ghr_bit_difference,same_history,known_zero,0,0,0,,,no_cases
benchmark,bench_branch_heavy,7,ghr_bit_difference,one_bit,unavailable,,,,,,unavailable
benchmark,bench_branch_heavy,7,ghr_bit_difference,multiple_bits,unavailable,,,,,,unavailable
benchmark,bench_branch_heavy,7,ghr_bit_difference,one_or_multiple_unknown,partially_observed,420,226,194,53.809524,46.190476,SGF
benchmark,bench_branch_heavy,8,all_disagreements,all,observed,417,222,195,53.237410,46.762590,SGF
benchmark,bench_branch_heavy,8,sgf_pht_counter,00,observed,73,32,41,43.835616,56.164384,committed_history
benchmark,bench_branch_heavy,8,sgf_pht_counter,01,observed,77,37,40,48.051948,51.948052,committed_history
benchmark,bench_branch_heavy,8,sgf_pht_counter,10,observed,105,67,38,63.809524,36.190476,SGF
benchmark,bench_branch_heavy,8,sgf_pht_counter,11,observed,162,86,76,53.086420,46.913580,SGF
benchmark,bench_branch_heavy,8,shadow_pht_counter,00,observed,176,100,76,56.818182,43.181818,SGF
benchmark,bench_branch_heavy,8,shadow_pht_counter,01,observed,91,53,38,58.241758,41.758242,SGF
benchmark,bench_branch_heavy,8,shadow_pht_counter,10,observed,43,22,21,51.162791,48.837209,SGF
benchmark,bench_branch_heavy,8,shadow_pht_counter,11,observed,107,47,60,43.925234,56.074766,committed_history
benchmark,bench_branch_heavy,8,unresolved_branch_depth,0,observed,82,33,49,40.243902,59.756098,committed_history
benchmark,bench_branch_heavy,8,unresolved_branch_depth,1,observed,335,189,146,56.417910,43.582090,SGF
benchmark,bench_branch_heavy,8,unresolved_branch_depth,2,observed,0,0,0,,,no_cases
benchmark,bench_branch_heavy,8,unresolved_branch_depth,3,observed,0,0,0,,,no_cases
benchmark,bench_branch_heavy,8,ghr_hamming_distance,0,known_zero,0,0,0,,,no_cases
benchmark,bench_branch_heavy,8,ghr_hamming_distance,1,unavailable,,,,,,unavailable
benchmark,bench_branch_heavy,8,ghr_hamming_distance,2,unavailable,,,,,,unavailable
benchmark,bench_branch_heavy,8,ghr_hamming_distance,3,unavailable,,,,,,unavailable
benchmark,bench_branch_heavy,8,ghr_hamming_distance,4,unavailable,,,,,,unavailable
benchmark,bench_branch_heavy,8,ghr_hamming_distance,5,unavailable,,,,,,unavailable
benchmark,bench_branch_heavy,8,ghr_hamming_distance,6,unavailable,,,,,,unavailable
benchmark,bench_branch_heavy,8,ghr_hamming_distance,nonzero_distance_unknown,partially_observed,417,222,195,53.237410,46.762590,SGF
benchmark,bench_branch_heavy,8,ghr_bit_difference,same_history,known_zero,0,0,0,,,no_cases
benchmark,bench_branch_heavy,8,ghr_bit_difference,one_bit,unavailable,,,,,,unavailable
benchmark,bench_branch_heavy,8,ghr_bit_difference,multiple_bits,unavailable,,,,,,unavailable
benchmark,bench_branch_heavy,8,ghr_bit_difference,one_or_multiple_unknown,partially_observed,417,222,195,53.237410,46.762590,SGF
benchmark,coremark,ALL,all_disagreements,all,observed,223659,194893,28766,87.138456,12.861544,SGF
benchmark,coremark,ALL,sgf_pht_counter,00,observed,138304,120962,17342,87.460956,12.539044,SGF
benchmark,coremark,ALL,sgf_pht_counter,01,observed,21159,18953,2206,89.574176,10.425824,SGF
benchmark,coremark,ALL,sgf_pht_counter,10,observed,7475,4764,2711,63.732441,36.267559,SGF
benchmark,coremark,ALL,sgf_pht_counter,11,observed,56721,50214,6507,88.528058,11.471942,SGF
benchmark,coremark,ALL,shadow_pht_counter,00,observed,20100,14516,5584,72.218905,27.781095,SGF
benchmark,coremark,ALL,shadow_pht_counter,01,observed,44096,40462,3634,91.758890,8.241110,SGF
benchmark,coremark,ALL,shadow_pht_counter,10,observed,20956,18563,2393,88.580836,11.419164,SGF
benchmark,coremark,ALL,shadow_pht_counter,11,observed,138507,121352,17155,87.614344,12.385656,SGF
benchmark,coremark,ALL,unresolved_branch_depth,0,observed,13594,9534,4060,70.133883,29.866117,SGF
benchmark,coremark,ALL,unresolved_branch_depth,1,observed,126453,117643,8810,93.032985,6.967015,SGF
benchmark,coremark,ALL,unresolved_branch_depth,2,observed,83610,67714,15896,80.987920,19.012080,SGF
benchmark,coremark,ALL,unresolved_branch_depth,3,observed,2,2,0,100.000000,0.000000,SGF
benchmark,coremark,ALL,ghr_hamming_distance,0,known_zero,0,0,0,,,no_cases
benchmark,coremark,ALL,ghr_hamming_distance,1,unavailable,,,,,,unavailable
benchmark,coremark,ALL,ghr_hamming_distance,2,unavailable,,,,,,unavailable
benchmark,coremark,ALL,ghr_hamming_distance,3,unavailable,,,,,,unavailable
benchmark,coremark,ALL,ghr_hamming_distance,4,unavailable,,,,,,unavailable
benchmark,coremark,ALL,ghr_hamming_distance,5,unavailable,,,,,,unavailable
benchmark,coremark,ALL,ghr_hamming_distance,6,unavailable,,,,,,unavailable
benchmark,coremark,ALL,ghr_hamming_distance,nonzero_distance_unknown,partially_observed,223659,194893,28766,87.138456,12.861544,SGF
benchmark,coremark,ALL,ghr_bit_difference,same_history,known_zero,0,0,0,,,no_cases
benchmark,coremark,ALL,ghr_bit_difference,one_bit,unavailable,,,,,,unavailable
benchmark,coremark,ALL,ghr_bit_difference,multiple_bits,unavailable,,,,,,unavailable
benchmark,coremark,ALL,ghr_bit_difference,one_or_multiple_unknown,partially_observed,223659,194893,28766,87.138456,12.861544,SGF
benchmark,coremark,6,all_disagreements,all,observed,95922,86911,9011,90.605909,9.394091,SGF
benchmark,coremark,6,sgf_pht_counter,00,observed,79957,74171,5786,92.763610,7.236390,SGF
benchmark,coremark,6,sgf_pht_counter,01,observed,6985,6281,704,89.921260,10.078740,SGF
benchmark,coremark,6,sgf_pht_counter,10,observed,2662,1807,855,67.881292,32.118708,SGF
benchmark,coremark,6,sgf_pht_counter,11,observed,6318,4652,1666,73.630896,26.369104,SGF
benchmark,coremark,6,shadow_pht_counter,00,observed,6114,4355,1759,71.229964,28.770036,SGF
benchmark,coremark,6,shadow_pht_counter,01,observed,2866,2104,762,73.412421,26.587579,SGF
benchmark,coremark,6,shadow_pht_counter,10,observed,8575,7794,781,90.892128,9.107872,SGF
benchmark,coremark,6,shadow_pht_counter,11,observed,78367,72658,5709,92.715046,7.284954,SGF
benchmark,coremark,6,unresolved_branch_depth,0,observed,3230,2042,1188,63.219814,36.780186,SGF
benchmark,coremark,6,unresolved_branch_depth,1,observed,64738,62221,2517,96.112021,3.887979,SGF
benchmark,coremark,6,unresolved_branch_depth,2,observed,27952,22646,5306,81.017459,18.982541,SGF
benchmark,coremark,6,unresolved_branch_depth,3,observed,2,2,0,100.000000,0.000000,SGF
benchmark,coremark,6,ghr_hamming_distance,0,known_zero,0,0,0,,,no_cases
benchmark,coremark,6,ghr_hamming_distance,1,unavailable,,,,,,unavailable
benchmark,coremark,6,ghr_hamming_distance,2,unavailable,,,,,,unavailable
benchmark,coremark,6,ghr_hamming_distance,3,unavailable,,,,,,unavailable
benchmark,coremark,6,ghr_hamming_distance,4,unavailable,,,,,,unavailable
benchmark,coremark,6,ghr_hamming_distance,5,unavailable,,,,,,unavailable
benchmark,coremark,6,ghr_hamming_distance,6,unavailable,,,,,,unavailable
benchmark,coremark,6,ghr_hamming_distance,nonzero_distance_unknown,partially_observed,95922,86911,9011,90.605909,9.394091,SGF
benchmark,coremark,6,ghr_bit_difference,same_history,known_zero,0,0,0,,,no_cases
benchmark,coremark,6,ghr_bit_difference,one_bit,unavailable,,,,,,unavailable
benchmark,coremark,6,ghr_bit_difference,multiple_bits,unavailable,,,,,,unavailable
benchmark,coremark,6,ghr_bit_difference,one_or_multiple_unknown,partially_observed,95922,86911,9011,90.605909,9.394091,SGF
benchmark,coremark,7,all_disagreements,all,observed,45845,36877,8968,80.438434,19.561566,SGF
benchmark,coremark,7,sgf_pht_counter,00,observed,30012,24324,5688,81.047581,18.952419,SGF
benchmark,coremark,7,sgf_pht_counter,01,observed,6788,6084,704,89.628757,10.371243,SGF
benchmark,coremark,7,sgf_pht_counter,10,observed,2670,1798,872,67.340824,32.659176,SGF
benchmark,coremark,7,sgf_pht_counter,11,observed,6375,4671,1704,73.270588,26.729412,SGF
benchmark,coremark,7,shadow_pht_counter,00,observed,6162,4357,1805,70.707562,29.292438,SGF
benchmark,coremark,7,shadow_pht_counter,01,observed,2883,2112,771,73.257024,26.742976,SGF
benchmark,coremark,7,shadow_pht_counter,10,observed,6185,5444,741,88.019402,11.980598,SGF
benchmark,coremark,7,shadow_pht_counter,11,observed,30615,24964,5651,81.541728,18.458272,SGF
benchmark,coremark,7,unresolved_branch_depth,0,observed,5771,4493,1278,77.854791,22.145209,SGF
benchmark,coremark,7,unresolved_branch_depth,1,observed,12259,9875,2384,80.553063,19.446937,SGF
benchmark,coremark,7,unresolved_branch_depth,2,observed,27815,22509,5306,80.923962,19.076038,SGF
benchmark,coremark,7,unresolved_branch_depth,3,observed,0,0,0,,,no_cases
benchmark,coremark,7,ghr_hamming_distance,0,known_zero,0,0,0,,,no_cases
benchmark,coremark,7,ghr_hamming_distance,1,unavailable,,,,,,unavailable
benchmark,coremark,7,ghr_hamming_distance,2,unavailable,,,,,,unavailable
benchmark,coremark,7,ghr_hamming_distance,3,unavailable,,,,,,unavailable
benchmark,coremark,7,ghr_hamming_distance,4,unavailable,,,,,,unavailable
benchmark,coremark,7,ghr_hamming_distance,5,unavailable,,,,,,unavailable
benchmark,coremark,7,ghr_hamming_distance,6,unavailable,,,,,,unavailable
benchmark,coremark,7,ghr_hamming_distance,nonzero_distance_unknown,partially_observed,45845,36877,8968,80.438434,19.561566,SGF
benchmark,coremark,7,ghr_bit_difference,same_history,known_zero,0,0,0,,,no_cases
benchmark,coremark,7,ghr_bit_difference,one_bit,unavailable,,,,,,unavailable
benchmark,coremark,7,ghr_bit_difference,multiple_bits,unavailable,,,,,,unavailable
benchmark,coremark,7,ghr_bit_difference,one_or_multiple_unknown,partially_observed,45845,36877,8968,80.438434,19.561566,SGF
benchmark,coremark,8,all_disagreements,all,observed,81892,71105,10787,86.827773,13.172227,SGF
benchmark,coremark,8,sgf_pht_counter,00,observed,28335,22467,5868,79.290630,20.709370,SGF
benchmark,coremark,8,sgf_pht_counter,01,observed,7386,6588,798,89.195776,10.804224,SGF
benchmark,coremark,8,sgf_pht_counter,10,observed,2143,1159,984,54.083061,45.916939,SGF
benchmark,coremark,8,sgf_pht_counter,11,observed,44028,40891,3137,92.874989,7.125011,SGF
benchmark,coremark,8,shadow_pht_counter,00,observed,7824,5804,2020,74.182004,25.817996,SGF
benchmark,coremark,8,shadow_pht_counter,01,observed,38347,36246,2101,94.521084,5.478916,SGF
benchmark,coremark,8,shadow_pht_counter,10,observed,6196,5325,871,85.942544,14.057456,SGF
benchmark,coremark,8,shadow_pht_counter,11,observed,29525,23730,5795,80.372566,19.627434,SGF
benchmark,coremark,8,unresolved_branch_depth,0,observed,4593,2999,1594,65.295014,34.704986,SGF
benchmark,coremark,8,unresolved_branch_depth,1,observed,49456,45547,3909,92.096005,7.903995,SGF
benchmark,coremark,8,unresolved_branch_depth,2,observed,27843,22559,5284,81.022160,18.977840,SGF
benchmark,coremark,8,unresolved_branch_depth,3,observed,0,0,0,,,no_cases
benchmark,coremark,8,ghr_hamming_distance,0,known_zero,0,0,0,,,no_cases
benchmark,coremark,8,ghr_hamming_distance,1,unavailable,,,,,,unavailable
benchmark,coremark,8,ghr_hamming_distance,2,unavailable,,,,,,unavailable
benchmark,coremark,8,ghr_hamming_distance,3,unavailable,,,,,,unavailable
benchmark,coremark,8,ghr_hamming_distance,4,unavailable,,,,,,unavailable
benchmark,coremark,8,ghr_hamming_distance,5,unavailable,,,,,,unavailable
benchmark,coremark,8,ghr_hamming_distance,6,unavailable,,,,,,unavailable
benchmark,coremark,8,ghr_hamming_distance,nonzero_distance_unknown,partially_observed,81892,71105,10787,86.827773,13.172227,SGF
benchmark,coremark,8,ghr_bit_difference,same_history,known_zero,0,0,0,,,no_cases
benchmark,coremark,8,ghr_bit_difference,one_bit,unavailable,,,,,,unavailable
benchmark,coremark,8,ghr_bit_difference,multiple_bits,unavailable,,,,,,unavailable
benchmark,coremark,8,ghr_bit_difference,one_or_multiple_unknown,partially_observed,81892,71105,10787,86.827773,13.172227,SGF
benchmark,crc32,ALL,all_disagreements,all,observed,1360,1356,4,99.705882,0.294118,SGF
benchmark,crc32,ALL,sgf_pht_counter,00,observed,0,0,0,,,no_cases
benchmark,crc32,ALL,sgf_pht_counter,01,observed,3,0,3,0.000000,100.000000,committed_history
benchmark,crc32,ALL,sgf_pht_counter,10,observed,3,3,0,100.000000,0.000000,SGF
benchmark,crc32,ALL,sgf_pht_counter,11,observed,1354,1353,1,99.926145,0.073855,SGF
benchmark,crc32,ALL,shadow_pht_counter,00,observed,0,0,0,,,no_cases
benchmark,crc32,ALL,shadow_pht_counter,01,observed,1357,1356,1,99.926308,0.073692,SGF
benchmark,crc32,ALL,shadow_pht_counter,10,observed,3,0,3,0.000000,100.000000,committed_history
benchmark,crc32,ALL,shadow_pht_counter,11,observed,0,0,0,,,no_cases
benchmark,crc32,ALL,unresolved_branch_depth,0,observed,1360,1356,4,99.705882,0.294118,SGF
benchmark,crc32,ALL,unresolved_branch_depth,1,observed,0,0,0,,,no_cases
benchmark,crc32,ALL,unresolved_branch_depth,2,observed,0,0,0,,,no_cases
benchmark,crc32,ALL,unresolved_branch_depth,3,observed,0,0,0,,,no_cases
benchmark,crc32,ALL,ghr_hamming_distance,0,known_zero,0,0,0,,,no_cases
benchmark,crc32,ALL,ghr_hamming_distance,1,unavailable,,,,,,unavailable
benchmark,crc32,ALL,ghr_hamming_distance,2,unavailable,,,,,,unavailable
benchmark,crc32,ALL,ghr_hamming_distance,3,unavailable,,,,,,unavailable
benchmark,crc32,ALL,ghr_hamming_distance,4,unavailable,,,,,,unavailable
benchmark,crc32,ALL,ghr_hamming_distance,5,unavailable,,,,,,unavailable
benchmark,crc32,ALL,ghr_hamming_distance,6,unavailable,,,,,,unavailable
benchmark,crc32,ALL,ghr_hamming_distance,nonzero_distance_unknown,partially_observed,1360,1356,4,99.705882,0.294118,SGF
benchmark,crc32,ALL,ghr_bit_difference,same_history,known_zero,0,0,0,,,no_cases
benchmark,crc32,ALL,ghr_bit_difference,one_bit,unavailable,,,,,,unavailable
benchmark,crc32,ALL,ghr_bit_difference,multiple_bits,unavailable,,,,,,unavailable
benchmark,crc32,ALL,ghr_bit_difference,one_or_multiple_unknown,partially_observed,1360,1356,4,99.705882,0.294118,SGF
benchmark,crc32,6,all_disagreements,all,observed,0,0,0,,,no_cases
benchmark,crc32,6,sgf_pht_counter,00,observed,0,0,0,,,no_cases
benchmark,crc32,6,sgf_pht_counter,01,observed,0,0,0,,,no_cases
benchmark,crc32,6,sgf_pht_counter,10,observed,0,0,0,,,no_cases
benchmark,crc32,6,sgf_pht_counter,11,observed,0,0,0,,,no_cases
benchmark,crc32,6,shadow_pht_counter,00,observed,0,0,0,,,no_cases
benchmark,crc32,6,shadow_pht_counter,01,observed,0,0,0,,,no_cases
benchmark,crc32,6,shadow_pht_counter,10,observed,0,0,0,,,no_cases
benchmark,crc32,6,shadow_pht_counter,11,observed,0,0,0,,,no_cases
benchmark,crc32,6,unresolved_branch_depth,0,observed,0,0,0,,,no_cases
benchmark,crc32,6,unresolved_branch_depth,1,observed,0,0,0,,,no_cases
benchmark,crc32,6,unresolved_branch_depth,2,observed,0,0,0,,,no_cases
benchmark,crc32,6,unresolved_branch_depth,3,observed,0,0,0,,,no_cases
benchmark,crc32,6,ghr_hamming_distance,0,known_zero,0,0,0,,,no_cases
benchmark,crc32,6,ghr_hamming_distance,1,unavailable,,,,,,unavailable
benchmark,crc32,6,ghr_hamming_distance,2,unavailable,,,,,,unavailable
benchmark,crc32,6,ghr_hamming_distance,3,unavailable,,,,,,unavailable
benchmark,crc32,6,ghr_hamming_distance,4,unavailable,,,,,,unavailable
benchmark,crc32,6,ghr_hamming_distance,5,unavailable,,,,,,unavailable
benchmark,crc32,6,ghr_hamming_distance,6,unavailable,,,,,,unavailable
benchmark,crc32,6,ghr_hamming_distance,nonzero_distance_unknown,partially_observed,0,0,0,,,no_cases
benchmark,crc32,6,ghr_bit_difference,same_history,known_zero,0,0,0,,,no_cases
benchmark,crc32,6,ghr_bit_difference,one_bit,unavailable,,,,,,unavailable
benchmark,crc32,6,ghr_bit_difference,multiple_bits,unavailable,,,,,,unavailable
benchmark,crc32,6,ghr_bit_difference,one_or_multiple_unknown,partially_observed,0,0,0,,,no_cases
benchmark,crc32,7,all_disagreements,all,observed,0,0,0,,,no_cases
benchmark,crc32,7,sgf_pht_counter,00,observed,0,0,0,,,no_cases
benchmark,crc32,7,sgf_pht_counter,01,observed,0,0,0,,,no_cases
benchmark,crc32,7,sgf_pht_counter,10,observed,0,0,0,,,no_cases
benchmark,crc32,7,sgf_pht_counter,11,observed,0,0,0,,,no_cases
benchmark,crc32,7,shadow_pht_counter,00,observed,0,0,0,,,no_cases
benchmark,crc32,7,shadow_pht_counter,01,observed,0,0,0,,,no_cases
benchmark,crc32,7,shadow_pht_counter,10,observed,0,0,0,,,no_cases
benchmark,crc32,7,shadow_pht_counter,11,observed,0,0,0,,,no_cases
benchmark,crc32,7,unresolved_branch_depth,0,observed,0,0,0,,,no_cases
benchmark,crc32,7,unresolved_branch_depth,1,observed,0,0,0,,,no_cases
benchmark,crc32,7,unresolved_branch_depth,2,observed,0,0,0,,,no_cases
benchmark,crc32,7,unresolved_branch_depth,3,observed,0,0,0,,,no_cases
benchmark,crc32,7,ghr_hamming_distance,0,known_zero,0,0,0,,,no_cases
benchmark,crc32,7,ghr_hamming_distance,1,unavailable,,,,,,unavailable
benchmark,crc32,7,ghr_hamming_distance,2,unavailable,,,,,,unavailable
benchmark,crc32,7,ghr_hamming_distance,3,unavailable,,,,,,unavailable
benchmark,crc32,7,ghr_hamming_distance,4,unavailable,,,,,,unavailable
benchmark,crc32,7,ghr_hamming_distance,5,unavailable,,,,,,unavailable
benchmark,crc32,7,ghr_hamming_distance,6,unavailable,,,,,,unavailable
benchmark,crc32,7,ghr_hamming_distance,nonzero_distance_unknown,partially_observed,0,0,0,,,no_cases
benchmark,crc32,7,ghr_bit_difference,same_history,known_zero,0,0,0,,,no_cases
benchmark,crc32,7,ghr_bit_difference,one_bit,unavailable,,,,,,unavailable
benchmark,crc32,7,ghr_bit_difference,multiple_bits,unavailable,,,,,,unavailable
benchmark,crc32,7,ghr_bit_difference,one_or_multiple_unknown,partially_observed,0,0,0,,,no_cases
benchmark,crc32,8,all_disagreements,all,observed,1360,1356,4,99.705882,0.294118,SGF
benchmark,crc32,8,sgf_pht_counter,00,observed,0,0,0,,,no_cases
benchmark,crc32,8,sgf_pht_counter,01,observed,3,0,3,0.000000,100.000000,committed_history
benchmark,crc32,8,sgf_pht_counter,10,observed,3,3,0,100.000000,0.000000,SGF
benchmark,crc32,8,sgf_pht_counter,11,observed,1354,1353,1,99.926145,0.073855,SGF
benchmark,crc32,8,shadow_pht_counter,00,observed,0,0,0,,,no_cases
benchmark,crc32,8,shadow_pht_counter,01,observed,1357,1356,1,99.926308,0.073692,SGF
benchmark,crc32,8,shadow_pht_counter,10,observed,3,0,3,0.000000,100.000000,committed_history
benchmark,crc32,8,shadow_pht_counter,11,observed,0,0,0,,,no_cases
benchmark,crc32,8,unresolved_branch_depth,0,observed,1360,1356,4,99.705882,0.294118,SGF
benchmark,crc32,8,unresolved_branch_depth,1,observed,0,0,0,,,no_cases
benchmark,crc32,8,unresolved_branch_depth,2,observed,0,0,0,,,no_cases
benchmark,crc32,8,unresolved_branch_depth,3,observed,0,0,0,,,no_cases
benchmark,crc32,8,ghr_hamming_distance,0,known_zero,0,0,0,,,no_cases
benchmark,crc32,8,ghr_hamming_distance,1,unavailable,,,,,,unavailable
benchmark,crc32,8,ghr_hamming_distance,2,unavailable,,,,,,unavailable
benchmark,crc32,8,ghr_hamming_distance,3,unavailable,,,,,,unavailable
benchmark,crc32,8,ghr_hamming_distance,4,unavailable,,,,,,unavailable
benchmark,crc32,8,ghr_hamming_distance,5,unavailable,,,,,,unavailable
benchmark,crc32,8,ghr_hamming_distance,6,unavailable,,,,,,unavailable
benchmark,crc32,8,ghr_hamming_distance,nonzero_distance_unknown,partially_observed,1360,1356,4,99.705882,0.294118,SGF
benchmark,crc32,8,ghr_bit_difference,same_history,known_zero,0,0,0,,,no_cases
benchmark,crc32,8,ghr_bit_difference,one_bit,unavailable,,,,,,unavailable
benchmark,crc32,8,ghr_bit_difference,multiple_bits,unavailable,,,,,,unavailable
benchmark,crc32,8,ghr_bit_difference,one_or_multiple_unknown,partially_observed,1360,1356,4,99.705882,0.294118,SGF
benchmark,edn,ALL,all_disagreements,all,observed,15,0,15,0.000000,100.000000,committed_history
benchmark,edn,ALL,sgf_pht_counter,00,observed,0,0,0,,,no_cases
benchmark,edn,ALL,sgf_pht_counter,01,observed,15,0,15,0.000000,100.000000,committed_history
benchmark,edn,ALL,sgf_pht_counter,10,observed,0,0,0,,,no_cases
benchmark,edn,ALL,sgf_pht_counter,11,observed,0,0,0,,,no_cases
benchmark,edn,ALL,shadow_pht_counter,00,observed,0,0,0,,,no_cases
benchmark,edn,ALL,shadow_pht_counter,01,observed,0,0,0,,,no_cases
benchmark,edn,ALL,shadow_pht_counter,10,observed,3,0,3,0.000000,100.000000,committed_history
benchmark,edn,ALL,shadow_pht_counter,11,observed,12,0,12,0.000000,100.000000,committed_history
benchmark,edn,ALL,unresolved_branch_depth,0,observed,6,0,6,0.000000,100.000000,committed_history
benchmark,edn,ALL,unresolved_branch_depth,1,observed,9,0,9,0.000000,100.000000,committed_history
benchmark,edn,ALL,unresolved_branch_depth,2,observed,0,0,0,,,no_cases
benchmark,edn,ALL,unresolved_branch_depth,3,observed,0,0,0,,,no_cases
benchmark,edn,ALL,ghr_hamming_distance,0,known_zero,0,0,0,,,no_cases
benchmark,edn,ALL,ghr_hamming_distance,1,unavailable,,,,,,unavailable
benchmark,edn,ALL,ghr_hamming_distance,2,unavailable,,,,,,unavailable
benchmark,edn,ALL,ghr_hamming_distance,3,unavailable,,,,,,unavailable
benchmark,edn,ALL,ghr_hamming_distance,4,unavailable,,,,,,unavailable
benchmark,edn,ALL,ghr_hamming_distance,5,unavailable,,,,,,unavailable
benchmark,edn,ALL,ghr_hamming_distance,6,unavailable,,,,,,unavailable
benchmark,edn,ALL,ghr_hamming_distance,nonzero_distance_unknown,partially_observed,15,0,15,0.000000,100.000000,committed_history
benchmark,edn,ALL,ghr_bit_difference,same_history,known_zero,0,0,0,,,no_cases
benchmark,edn,ALL,ghr_bit_difference,one_bit,unavailable,,,,,,unavailable
benchmark,edn,ALL,ghr_bit_difference,multiple_bits,unavailable,,,,,,unavailable
benchmark,edn,ALL,ghr_bit_difference,one_or_multiple_unknown,partially_observed,15,0,15,0.000000,100.000000,committed_history
benchmark,edn,6,all_disagreements,all,observed,5,0,5,0.000000,100.000000,committed_history
benchmark,edn,6,sgf_pht_counter,00,observed,0,0,0,,,no_cases
benchmark,edn,6,sgf_pht_counter,01,observed,5,0,5,0.000000,100.000000,committed_history
benchmark,edn,6,sgf_pht_counter,10,observed,0,0,0,,,no_cases
benchmark,edn,6,sgf_pht_counter,11,observed,0,0,0,,,no_cases
benchmark,edn,6,shadow_pht_counter,00,observed,0,0,0,,,no_cases
benchmark,edn,6,shadow_pht_counter,01,observed,0,0,0,,,no_cases
benchmark,edn,6,shadow_pht_counter,10,observed,1,0,1,0.000000,100.000000,committed_history
benchmark,edn,6,shadow_pht_counter,11,observed,4,0,4,0.000000,100.000000,committed_history
benchmark,edn,6,unresolved_branch_depth,0,observed,2,0,2,0.000000,100.000000,committed_history
benchmark,edn,6,unresolved_branch_depth,1,observed,3,0,3,0.000000,100.000000,committed_history
benchmark,edn,6,unresolved_branch_depth,2,observed,0,0,0,,,no_cases
benchmark,edn,6,unresolved_branch_depth,3,observed,0,0,0,,,no_cases
benchmark,edn,6,ghr_hamming_distance,0,known_zero,0,0,0,,,no_cases
benchmark,edn,6,ghr_hamming_distance,1,unavailable,,,,,,unavailable
benchmark,edn,6,ghr_hamming_distance,2,unavailable,,,,,,unavailable
benchmark,edn,6,ghr_hamming_distance,3,unavailable,,,,,,unavailable
benchmark,edn,6,ghr_hamming_distance,4,unavailable,,,,,,unavailable
benchmark,edn,6,ghr_hamming_distance,5,unavailable,,,,,,unavailable
benchmark,edn,6,ghr_hamming_distance,6,unavailable,,,,,,unavailable
benchmark,edn,6,ghr_hamming_distance,nonzero_distance_unknown,partially_observed,5,0,5,0.000000,100.000000,committed_history
benchmark,edn,6,ghr_bit_difference,same_history,known_zero,0,0,0,,,no_cases
benchmark,edn,6,ghr_bit_difference,one_bit,unavailable,,,,,,unavailable
benchmark,edn,6,ghr_bit_difference,multiple_bits,unavailable,,,,,,unavailable
benchmark,edn,6,ghr_bit_difference,one_or_multiple_unknown,partially_observed,5,0,5,0.000000,100.000000,committed_history
benchmark,edn,7,all_disagreements,all,observed,5,0,5,0.000000,100.000000,committed_history
benchmark,edn,7,sgf_pht_counter,00,observed,0,0,0,,,no_cases
benchmark,edn,7,sgf_pht_counter,01,observed,5,0,5,0.000000,100.000000,committed_history
benchmark,edn,7,sgf_pht_counter,10,observed,0,0,0,,,no_cases
benchmark,edn,7,sgf_pht_counter,11,observed,0,0,0,,,no_cases
benchmark,edn,7,shadow_pht_counter,00,observed,0,0,0,,,no_cases
benchmark,edn,7,shadow_pht_counter,01,observed,0,0,0,,,no_cases
benchmark,edn,7,shadow_pht_counter,10,observed,1,0,1,0.000000,100.000000,committed_history
benchmark,edn,7,shadow_pht_counter,11,observed,4,0,4,0.000000,100.000000,committed_history
benchmark,edn,7,unresolved_branch_depth,0,observed,2,0,2,0.000000,100.000000,committed_history
benchmark,edn,7,unresolved_branch_depth,1,observed,3,0,3,0.000000,100.000000,committed_history
benchmark,edn,7,unresolved_branch_depth,2,observed,0,0,0,,,no_cases
benchmark,edn,7,unresolved_branch_depth,3,observed,0,0,0,,,no_cases
benchmark,edn,7,ghr_hamming_distance,0,known_zero,0,0,0,,,no_cases
benchmark,edn,7,ghr_hamming_distance,1,unavailable,,,,,,unavailable
benchmark,edn,7,ghr_hamming_distance,2,unavailable,,,,,,unavailable
benchmark,edn,7,ghr_hamming_distance,3,unavailable,,,,,,unavailable
benchmark,edn,7,ghr_hamming_distance,4,unavailable,,,,,,unavailable
benchmark,edn,7,ghr_hamming_distance,5,unavailable,,,,,,unavailable
benchmark,edn,7,ghr_hamming_distance,6,unavailable,,,,,,unavailable
benchmark,edn,7,ghr_hamming_distance,nonzero_distance_unknown,partially_observed,5,0,5,0.000000,100.000000,committed_history
benchmark,edn,7,ghr_bit_difference,same_history,known_zero,0,0,0,,,no_cases
benchmark,edn,7,ghr_bit_difference,one_bit,unavailable,,,,,,unavailable
benchmark,edn,7,ghr_bit_difference,multiple_bits,unavailable,,,,,,unavailable
benchmark,edn,7,ghr_bit_difference,one_or_multiple_unknown,partially_observed,5,0,5,0.000000,100.000000,committed_history
benchmark,edn,8,all_disagreements,all,observed,5,0,5,0.000000,100.000000,committed_history
benchmark,edn,8,sgf_pht_counter,00,observed,0,0,0,,,no_cases
benchmark,edn,8,sgf_pht_counter,01,observed,5,0,5,0.000000,100.000000,committed_history
benchmark,edn,8,sgf_pht_counter,10,observed,0,0,0,,,no_cases
benchmark,edn,8,sgf_pht_counter,11,observed,0,0,0,,,no_cases
benchmark,edn,8,shadow_pht_counter,00,observed,0,0,0,,,no_cases
benchmark,edn,8,shadow_pht_counter,01,observed,0,0,0,,,no_cases
benchmark,edn,8,shadow_pht_counter,10,observed,1,0,1,0.000000,100.000000,committed_history
benchmark,edn,8,shadow_pht_counter,11,observed,4,0,4,0.000000,100.000000,committed_history
benchmark,edn,8,unresolved_branch_depth,0,observed,2,0,2,0.000000,100.000000,committed_history
benchmark,edn,8,unresolved_branch_depth,1,observed,3,0,3,0.000000,100.000000,committed_history
benchmark,edn,8,unresolved_branch_depth,2,observed,0,0,0,,,no_cases
benchmark,edn,8,unresolved_branch_depth,3,observed,0,0,0,,,no_cases
benchmark,edn,8,ghr_hamming_distance,0,known_zero,0,0,0,,,no_cases
benchmark,edn,8,ghr_hamming_distance,1,unavailable,,,,,,unavailable
benchmark,edn,8,ghr_hamming_distance,2,unavailable,,,,,,unavailable
benchmark,edn,8,ghr_hamming_distance,3,unavailable,,,,,,unavailable
benchmark,edn,8,ghr_hamming_distance,4,unavailable,,,,,,unavailable
benchmark,edn,8,ghr_hamming_distance,5,unavailable,,,,,,unavailable
benchmark,edn,8,ghr_hamming_distance,6,unavailable,,,,,,unavailable
benchmark,edn,8,ghr_hamming_distance,nonzero_distance_unknown,partially_observed,5,0,5,0.000000,100.000000,committed_history
benchmark,edn,8,ghr_bit_difference,same_history,known_zero,0,0,0,,,no_cases
benchmark,edn,8,ghr_bit_difference,one_bit,unavailable,,,,,,unavailable
benchmark,edn,8,ghr_bit_difference,multiple_bits,unavailable,,,,,,unavailable
benchmark,edn,8,ghr_bit_difference,one_or_multiple_unknown,partially_observed,5,0,5,0.000000,100.000000,committed_history
benchmark,huffbench,ALL,all_disagreements,all,observed,263361,198848,64513,75.503966,24.496034,SGF
benchmark,huffbench,ALL,sgf_pht_counter,00,observed,181774,164951,16823,90.745101,9.254899,SGF
benchmark,huffbench,ALL,sgf_pht_counter,01,observed,17959,14799,3160,82.404365,17.595635,SGF
benchmark,huffbench,ALL,sgf_pht_counter,10,observed,29084,5825,23259,20.028194,79.971806,committed_history
benchmark,huffbench,ALL,sgf_pht_counter,11,observed,34544,13273,21271,38.423460,61.576540,committed_history
benchmark,huffbench,ALL,shadow_pht_counter,00,observed,30322,8764,21558,28.903107,71.096893,committed_history
benchmark,huffbench,ALL,shadow_pht_counter,01,observed,33306,10334,22972,31.027443,68.972557,committed_history
benchmark,huffbench,ALL,shadow_pht_counter,10,observed,28117,23506,4611,83.600669,16.399331,SGF
benchmark,huffbench,ALL,shadow_pht_counter,11,observed,171616,156244,15372,91.042793,8.957207,SGF
benchmark,huffbench,ALL,unresolved_branch_depth,0,observed,3354,2518,836,75.074538,24.925462,SGF
benchmark,huffbench,ALL,unresolved_branch_depth,1,observed,211284,149845,61439,70.921130,29.078870,SGF
benchmark,huffbench,ALL,unresolved_branch_depth,2,observed,48723,46485,2238,95.406687,4.593313,SGF
benchmark,huffbench,ALL,unresolved_branch_depth,3,observed,0,0,0,,,no_cases
benchmark,huffbench,ALL,ghr_hamming_distance,0,known_zero,0,0,0,,,no_cases
benchmark,huffbench,ALL,ghr_hamming_distance,1,unavailable,,,,,,unavailable
benchmark,huffbench,ALL,ghr_hamming_distance,2,unavailable,,,,,,unavailable
benchmark,huffbench,ALL,ghr_hamming_distance,3,unavailable,,,,,,unavailable
benchmark,huffbench,ALL,ghr_hamming_distance,4,unavailable,,,,,,unavailable
benchmark,huffbench,ALL,ghr_hamming_distance,5,unavailable,,,,,,unavailable
benchmark,huffbench,ALL,ghr_hamming_distance,6,unavailable,,,,,,unavailable
benchmark,huffbench,ALL,ghr_hamming_distance,nonzero_distance_unknown,partially_observed,263361,198848,64513,75.503966,24.496034,SGF
benchmark,huffbench,ALL,ghr_bit_difference,same_history,known_zero,0,0,0,,,no_cases
benchmark,huffbench,ALL,ghr_bit_difference,one_bit,unavailable,,,,,,unavailable
benchmark,huffbench,ALL,ghr_bit_difference,multiple_bits,unavailable,,,,,,unavailable
benchmark,huffbench,ALL,ghr_bit_difference,one_or_multiple_unknown,partially_observed,263361,198848,64513,75.503966,24.496034,SGF
benchmark,huffbench,6,all_disagreements,all,observed,64518,44229,20289,68.552962,31.447038,SGF
benchmark,huffbench,6,sgf_pht_counter,00,observed,38610,34007,4603,88.078218,11.921782,SGF
benchmark,huffbench,6,sgf_pht_counter,01,observed,4794,3699,1095,77.158949,22.841051,SGF
benchmark,huffbench,6,sgf_pht_counter,10,observed,9552,1932,7620,20.226131,79.773869,committed_history
benchmark,huffbench,6,sgf_pht_counter,11,observed,11562,4591,6971,39.707663,60.292337,committed_history
benchmark,huffbench,6,shadow_pht_counter,00,observed,9860,2873,6987,29.137931,70.862069,committed_history
benchmark,huffbench,6,shadow_pht_counter,01,observed,11254,3650,7604,32.432913,67.567087,committed_history
benchmark,huffbench,6,shadow_pht_counter,10,observed,8763,7203,1560,82.197877,17.802123,SGF
benchmark,huffbench,6,shadow_pht_counter,11,observed,34641,30503,4138,88.054617,11.945383,SGF
benchmark,huffbench,6,unresolved_branch_depth,0,observed,1135,892,243,78.590308,21.409692,SGF
benchmark,huffbench,6,unresolved_branch_depth,1,observed,46921,27642,19279,58.911788,41.088212,SGF
benchmark,huffbench,6,unresolved_branch_depth,2,observed,16462,15695,767,95.340785,4.659215,SGF
benchmark,huffbench,6,unresolved_branch_depth,3,observed,0,0,0,,,no_cases
benchmark,huffbench,6,ghr_hamming_distance,0,known_zero,0,0,0,,,no_cases
benchmark,huffbench,6,ghr_hamming_distance,1,unavailable,,,,,,unavailable
benchmark,huffbench,6,ghr_hamming_distance,2,unavailable,,,,,,unavailable
benchmark,huffbench,6,ghr_hamming_distance,3,unavailable,,,,,,unavailable
benchmark,huffbench,6,ghr_hamming_distance,4,unavailable,,,,,,unavailable
benchmark,huffbench,6,ghr_hamming_distance,5,unavailable,,,,,,unavailable
benchmark,huffbench,6,ghr_hamming_distance,6,unavailable,,,,,,unavailable
benchmark,huffbench,6,ghr_hamming_distance,nonzero_distance_unknown,partially_observed,64518,44229,20289,68.552962,31.447038,SGF
benchmark,huffbench,6,ghr_bit_difference,same_history,known_zero,0,0,0,,,no_cases
benchmark,huffbench,6,ghr_bit_difference,one_bit,unavailable,,,,,,unavailable
benchmark,huffbench,6,ghr_bit_difference,multiple_bits,unavailable,,,,,,unavailable
benchmark,huffbench,6,ghr_bit_difference,one_or_multiple_unknown,partially_observed,64518,44229,20289,68.552962,31.447038,SGF
benchmark,huffbench,7,all_disagreements,all,observed,64515,44272,20243,68.622801,31.377199,SGF
benchmark,huffbench,7,sgf_pht_counter,00,observed,38575,34007,4568,88.158134,11.841866,SGF
benchmark,huffbench,7,sgf_pht_counter,01,observed,4783,3699,1084,77.336400,22.663600,SGF
benchmark,huffbench,7,sgf_pht_counter,10,observed,9551,1931,7620,20.217778,79.782222,committed_history
benchmark,huffbench,7,sgf_pht_counter,11,observed,11606,4635,6971,39.936240,60.063760,committed_history
benchmark,huffbench,7,shadow_pht_counter,00,observed,9896,2909,6987,29.395715,70.604285,committed_history
benchmark,huffbench,7,shadow_pht_counter,01,observed,11261,3657,7604,32.474913,67.525087,committed_history
benchmark,huffbench,7,shadow_pht_counter,10,observed,8755,7203,1552,82.272987,17.727013,SGF
benchmark,huffbench,7,shadow_pht_counter,11,observed,34603,30503,4100,88.151316,11.848684,SGF
benchmark,huffbench,7,unresolved_branch_depth,0,observed,1196,946,250,79.096990,20.903010,SGF
benchmark,huffbench,7,unresolved_branch_depth,1,observed,46857,27631,19226,58.968777,41.031223,SGF
benchmark,huffbench,7,unresolved_branch_depth,2,observed,16462,15695,767,95.340785,4.659215,SGF
benchmark,huffbench,7,unresolved_branch_depth,3,observed,0,0,0,,,no_cases
benchmark,huffbench,7,ghr_hamming_distance,0,known_zero,0,0,0,,,no_cases
benchmark,huffbench,7,ghr_hamming_distance,1,unavailable,,,,,,unavailable
benchmark,huffbench,7,ghr_hamming_distance,2,unavailable,,,,,,unavailable
benchmark,huffbench,7,ghr_hamming_distance,3,unavailable,,,,,,unavailable
benchmark,huffbench,7,ghr_hamming_distance,4,unavailable,,,,,,unavailable
benchmark,huffbench,7,ghr_hamming_distance,5,unavailable,,,,,,unavailable
benchmark,huffbench,7,ghr_hamming_distance,6,unavailable,,,,,,unavailable
benchmark,huffbench,7,ghr_hamming_distance,nonzero_distance_unknown,partially_observed,64515,44272,20243,68.622801,31.377199,SGF
benchmark,huffbench,7,ghr_bit_difference,same_history,known_zero,0,0,0,,,no_cases
benchmark,huffbench,7,ghr_bit_difference,one_bit,unavailable,,,,,,unavailable
benchmark,huffbench,7,ghr_bit_difference,multiple_bits,unavailable,,,,,,unavailable
benchmark,huffbench,7,ghr_bit_difference,one_or_multiple_unknown,partially_observed,64515,44272,20243,68.622801,31.377199,SGF
benchmark,huffbench,8,all_disagreements,all,observed,134328,110347,23981,82.147430,17.852570,SGF
benchmark,huffbench,8,sgf_pht_counter,00,observed,104589,96937,7652,92.683743,7.316257,SGF
benchmark,huffbench,8,sgf_pht_counter,01,observed,8382,7401,981,88.296349,11.703651,SGF
benchmark,huffbench,8,sgf_pht_counter,10,observed,9981,1962,8019,19.657349,80.342651,committed_history
benchmark,huffbench,8,sgf_pht_counter,11,observed,11376,4047,7329,35.574895,64.425105,committed_history
benchmark,huffbench,8,shadow_pht_counter,00,observed,10566,2982,7584,28.222601,71.777399,committed_history
benchmark,huffbench,8,shadow_pht_counter,01,observed,10791,3027,7764,28.051154,71.948846,committed_history
benchmark,huffbench,8,shadow_pht_counter,10,observed,10599,9100,1499,85.857156,14.142844,SGF
benchmark,huffbench,8,shadow_pht_counter,11,observed,102372,95238,7134,93.031298,6.968702,SGF
benchmark,huffbench,8,unresolved_branch_depth,0,observed,1023,680,343,66.471163,33.528837,SGF
benchmark,huffbench,8,unresolved_branch_depth,1,observed,117506,94572,22934,80.482699,19.517301,SGF
benchmark,huffbench,8,unresolved_branch_depth,2,observed,15799,15095,704,95.544022,4.455978,SGF
benchmark,huffbench,8,unresolved_branch_depth,3,observed,0,0,0,,,no_cases
benchmark,huffbench,8,ghr_hamming_distance,0,known_zero,0,0,0,,,no_cases
benchmark,huffbench,8,ghr_hamming_distance,1,unavailable,,,,,,unavailable
benchmark,huffbench,8,ghr_hamming_distance,2,unavailable,,,,,,unavailable
benchmark,huffbench,8,ghr_hamming_distance,3,unavailable,,,,,,unavailable
benchmark,huffbench,8,ghr_hamming_distance,4,unavailable,,,,,,unavailable
benchmark,huffbench,8,ghr_hamming_distance,5,unavailable,,,,,,unavailable
benchmark,huffbench,8,ghr_hamming_distance,6,unavailable,,,,,,unavailable
benchmark,huffbench,8,ghr_hamming_distance,nonzero_distance_unknown,partially_observed,134328,110347,23981,82.147430,17.852570,SGF
benchmark,huffbench,8,ghr_bit_difference,same_history,known_zero,0,0,0,,,no_cases
benchmark,huffbench,8,ghr_bit_difference,one_bit,unavailable,,,,,,unavailable
benchmark,huffbench,8,ghr_bit_difference,multiple_bits,unavailable,,,,,,unavailable
benchmark,huffbench,8,ghr_bit_difference,one_or_multiple_unknown,partially_observed,134328,110347,23981,82.147430,17.852570,SGF
benchmark,matmult-int,ALL,all_disagreements,all,observed,132,120,12,90.909091,9.090909,SGF
benchmark,matmult-int,ALL,sgf_pht_counter,00,observed,0,0,0,,,no_cases
benchmark,matmult-int,ALL,sgf_pht_counter,01,observed,12,0,12,0.000000,100.000000,committed_history
benchmark,matmult-int,ALL,sgf_pht_counter,10,observed,0,0,0,,,no_cases
benchmark,matmult-int,ALL,sgf_pht_counter,11,observed,120,120,0,100.000000,0.000000,SGF
benchmark,matmult-int,ALL,shadow_pht_counter,00,observed,0,0,0,,,no_cases
benchmark,matmult-int,ALL,shadow_pht_counter,01,observed,120,120,0,100.000000,0.000000,SGF
benchmark,matmult-int,ALL,shadow_pht_counter,10,observed,3,0,3,0.000000,100.000000,committed_history
benchmark,matmult-int,ALL,shadow_pht_counter,11,observed,9,0,9,0.000000,100.000000,committed_history
benchmark,matmult-int,ALL,unresolved_branch_depth,0,observed,132,120,12,90.909091,9.090909,SGF
benchmark,matmult-int,ALL,unresolved_branch_depth,1,observed,0,0,0,,,no_cases
benchmark,matmult-int,ALL,unresolved_branch_depth,2,observed,0,0,0,,,no_cases
benchmark,matmult-int,ALL,unresolved_branch_depth,3,observed,0,0,0,,,no_cases
benchmark,matmult-int,ALL,ghr_hamming_distance,0,known_zero,0,0,0,,,no_cases
benchmark,matmult-int,ALL,ghr_hamming_distance,1,unavailable,,,,,,unavailable
benchmark,matmult-int,ALL,ghr_hamming_distance,2,unavailable,,,,,,unavailable
benchmark,matmult-int,ALL,ghr_hamming_distance,3,unavailable,,,,,,unavailable
benchmark,matmult-int,ALL,ghr_hamming_distance,4,unavailable,,,,,,unavailable
benchmark,matmult-int,ALL,ghr_hamming_distance,5,unavailable,,,,,,unavailable
benchmark,matmult-int,ALL,ghr_hamming_distance,6,unavailable,,,,,,unavailable
benchmark,matmult-int,ALL,ghr_hamming_distance,nonzero_distance_unknown,partially_observed,132,120,12,90.909091,9.090909,SGF
benchmark,matmult-int,ALL,ghr_bit_difference,same_history,known_zero,0,0,0,,,no_cases
benchmark,matmult-int,ALL,ghr_bit_difference,one_bit,unavailable,,,,,,unavailable
benchmark,matmult-int,ALL,ghr_bit_difference,multiple_bits,unavailable,,,,,,unavailable
benchmark,matmult-int,ALL,ghr_bit_difference,one_or_multiple_unknown,partially_observed,132,120,12,90.909091,9.090909,SGF
benchmark,matmult-int,6,all_disagreements,all,observed,44,40,4,90.909091,9.090909,SGF
benchmark,matmult-int,6,sgf_pht_counter,00,observed,0,0,0,,,no_cases
benchmark,matmult-int,6,sgf_pht_counter,01,observed,4,0,4,0.000000,100.000000,committed_history
benchmark,matmult-int,6,sgf_pht_counter,10,observed,0,0,0,,,no_cases
benchmark,matmult-int,6,sgf_pht_counter,11,observed,40,40,0,100.000000,0.000000,SGF
benchmark,matmult-int,6,shadow_pht_counter,00,observed,0,0,0,,,no_cases
benchmark,matmult-int,6,shadow_pht_counter,01,observed,40,40,0,100.000000,0.000000,SGF
benchmark,matmult-int,6,shadow_pht_counter,10,observed,1,0,1,0.000000,100.000000,committed_history
benchmark,matmult-int,6,shadow_pht_counter,11,observed,3,0,3,0.000000,100.000000,committed_history
benchmark,matmult-int,6,unresolved_branch_depth,0,observed,44,40,4,90.909091,9.090909,SGF
benchmark,matmult-int,6,unresolved_branch_depth,1,observed,0,0,0,,,no_cases
benchmark,matmult-int,6,unresolved_branch_depth,2,observed,0,0,0,,,no_cases
benchmark,matmult-int,6,unresolved_branch_depth,3,observed,0,0,0,,,no_cases
benchmark,matmult-int,6,ghr_hamming_distance,0,known_zero,0,0,0,,,no_cases
benchmark,matmult-int,6,ghr_hamming_distance,1,unavailable,,,,,,unavailable
benchmark,matmult-int,6,ghr_hamming_distance,2,unavailable,,,,,,unavailable
benchmark,matmult-int,6,ghr_hamming_distance,3,unavailable,,,,,,unavailable
benchmark,matmult-int,6,ghr_hamming_distance,4,unavailable,,,,,,unavailable
benchmark,matmult-int,6,ghr_hamming_distance,5,unavailable,,,,,,unavailable
benchmark,matmult-int,6,ghr_hamming_distance,6,unavailable,,,,,,unavailable
benchmark,matmult-int,6,ghr_hamming_distance,nonzero_distance_unknown,partially_observed,44,40,4,90.909091,9.090909,SGF
benchmark,matmult-int,6,ghr_bit_difference,same_history,known_zero,0,0,0,,,no_cases
benchmark,matmult-int,6,ghr_bit_difference,one_bit,unavailable,,,,,,unavailable
benchmark,matmult-int,6,ghr_bit_difference,multiple_bits,unavailable,,,,,,unavailable
benchmark,matmult-int,6,ghr_bit_difference,one_or_multiple_unknown,partially_observed,44,40,4,90.909091,9.090909,SGF
benchmark,matmult-int,7,all_disagreements,all,observed,44,40,4,90.909091,9.090909,SGF
benchmark,matmult-int,7,sgf_pht_counter,00,observed,0,0,0,,,no_cases
benchmark,matmult-int,7,sgf_pht_counter,01,observed,4,0,4,0.000000,100.000000,committed_history
benchmark,matmult-int,7,sgf_pht_counter,10,observed,0,0,0,,,no_cases
benchmark,matmult-int,7,sgf_pht_counter,11,observed,40,40,0,100.000000,0.000000,SGF
benchmark,matmult-int,7,shadow_pht_counter,00,observed,0,0,0,,,no_cases
benchmark,matmult-int,7,shadow_pht_counter,01,observed,40,40,0,100.000000,0.000000,SGF
benchmark,matmult-int,7,shadow_pht_counter,10,observed,1,0,1,0.000000,100.000000,committed_history
benchmark,matmult-int,7,shadow_pht_counter,11,observed,3,0,3,0.000000,100.000000,committed_history
benchmark,matmult-int,7,unresolved_branch_depth,0,observed,44,40,4,90.909091,9.090909,SGF
benchmark,matmult-int,7,unresolved_branch_depth,1,observed,0,0,0,,,no_cases
benchmark,matmult-int,7,unresolved_branch_depth,2,observed,0,0,0,,,no_cases
benchmark,matmult-int,7,unresolved_branch_depth,3,observed,0,0,0,,,no_cases
benchmark,matmult-int,7,ghr_hamming_distance,0,known_zero,0,0,0,,,no_cases
benchmark,matmult-int,7,ghr_hamming_distance,1,unavailable,,,,,,unavailable
benchmark,matmult-int,7,ghr_hamming_distance,2,unavailable,,,,,,unavailable
benchmark,matmult-int,7,ghr_hamming_distance,3,unavailable,,,,,,unavailable
benchmark,matmult-int,7,ghr_hamming_distance,4,unavailable,,,,,,unavailable
benchmark,matmult-int,7,ghr_hamming_distance,5,unavailable,,,,,,unavailable
benchmark,matmult-int,7,ghr_hamming_distance,6,unavailable,,,,,,unavailable
benchmark,matmult-int,7,ghr_hamming_distance,nonzero_distance_unknown,partially_observed,44,40,4,90.909091,9.090909,SGF
benchmark,matmult-int,7,ghr_bit_difference,same_history,known_zero,0,0,0,,,no_cases
benchmark,matmult-int,7,ghr_bit_difference,one_bit,unavailable,,,,,,unavailable
benchmark,matmult-int,7,ghr_bit_difference,multiple_bits,unavailable,,,,,,unavailable
benchmark,matmult-int,7,ghr_bit_difference,one_or_multiple_unknown,partially_observed,44,40,4,90.909091,9.090909,SGF
benchmark,matmult-int,8,all_disagreements,all,observed,44,40,4,90.909091,9.090909,SGF
benchmark,matmult-int,8,sgf_pht_counter,00,observed,0,0,0,,,no_cases
benchmark,matmult-int,8,sgf_pht_counter,01,observed,4,0,4,0.000000,100.000000,committed_history
benchmark,matmult-int,8,sgf_pht_counter,10,observed,0,0,0,,,no_cases
benchmark,matmult-int,8,sgf_pht_counter,11,observed,40,40,0,100.000000,0.000000,SGF
benchmark,matmult-int,8,shadow_pht_counter,00,observed,0,0,0,,,no_cases
benchmark,matmult-int,8,shadow_pht_counter,01,observed,40,40,0,100.000000,0.000000,SGF
benchmark,matmult-int,8,shadow_pht_counter,10,observed,1,0,1,0.000000,100.000000,committed_history
benchmark,matmult-int,8,shadow_pht_counter,11,observed,3,0,3,0.000000,100.000000,committed_history
benchmark,matmult-int,8,unresolved_branch_depth,0,observed,44,40,4,90.909091,9.090909,SGF
benchmark,matmult-int,8,unresolved_branch_depth,1,observed,0,0,0,,,no_cases
benchmark,matmult-int,8,unresolved_branch_depth,2,observed,0,0,0,,,no_cases
benchmark,matmult-int,8,unresolved_branch_depth,3,observed,0,0,0,,,no_cases
benchmark,matmult-int,8,ghr_hamming_distance,0,known_zero,0,0,0,,,no_cases
benchmark,matmult-int,8,ghr_hamming_distance,1,unavailable,,,,,,unavailable
benchmark,matmult-int,8,ghr_hamming_distance,2,unavailable,,,,,,unavailable
benchmark,matmult-int,8,ghr_hamming_distance,3,unavailable,,,,,,unavailable
benchmark,matmult-int,8,ghr_hamming_distance,4,unavailable,,,,,,unavailable
benchmark,matmult-int,8,ghr_hamming_distance,5,unavailable,,,,,,unavailable
benchmark,matmult-int,8,ghr_hamming_distance,6,unavailable,,,,,,unavailable
benchmark,matmult-int,8,ghr_hamming_distance,nonzero_distance_unknown,partially_observed,44,40,4,90.909091,9.090909,SGF
benchmark,matmult-int,8,ghr_bit_difference,same_history,known_zero,0,0,0,,,no_cases
benchmark,matmult-int,8,ghr_bit_difference,one_bit,unavailable,,,,,,unavailable
benchmark,matmult-int,8,ghr_bit_difference,multiple_bits,unavailable,,,,,,unavailable
benchmark,matmult-int,8,ghr_bit_difference,one_or_multiple_unknown,partially_observed,44,40,4,90.909091,9.090909,SGF
benchmark,nettle-aes,ALL,all_disagreements,all,observed,47140,42691,4449,90.562155,9.437845,SGF
benchmark,nettle-aes,ALL,sgf_pht_counter,00,observed,2090,1998,92,95.598086,4.401914,SGF
benchmark,nettle-aes,ALL,sgf_pht_counter,01,observed,845,520,325,61.538462,38.461538,SGF
benchmark,nettle-aes,ALL,sgf_pht_counter,10,observed,7964,7791,173,97.827725,2.172275,SGF
benchmark,nettle-aes,ALL,sgf_pht_counter,11,observed,36241,32382,3859,89.351839,10.648161,SGF
benchmark,nettle-aes,ALL,shadow_pht_counter,00,observed,9801,9790,11,99.887767,0.112233,SGF
benchmark,nettle-aes,ALL,shadow_pht_counter,01,observed,34404,30383,4021,88.312406,11.687594,SGF
benchmark,nettle-aes,ALL,shadow_pht_counter,10,observed,165,75,90,45.454545,54.545455,committed_history
benchmark,nettle-aes,ALL,shadow_pht_counter,11,observed,2770,2443,327,88.194946,11.805054,SGF
benchmark,nettle-aes,ALL,unresolved_branch_depth,0,observed,28329,26638,1691,94.030852,5.969148,SGF
benchmark,nettle-aes,ALL,unresolved_branch_depth,1,observed,18811,16053,2758,85.338366,14.661634,SGF
benchmark,nettle-aes,ALL,unresolved_branch_depth,2,observed,0,0,0,,,no_cases
benchmark,nettle-aes,ALL,unresolved_branch_depth,3,observed,0,0,0,,,no_cases
benchmark,nettle-aes,ALL,ghr_hamming_distance,0,known_zero,0,0,0,,,no_cases
benchmark,nettle-aes,ALL,ghr_hamming_distance,1,unavailable,,,,,,unavailable
benchmark,nettle-aes,ALL,ghr_hamming_distance,2,unavailable,,,,,,unavailable
benchmark,nettle-aes,ALL,ghr_hamming_distance,3,unavailable,,,,,,unavailable
benchmark,nettle-aes,ALL,ghr_hamming_distance,4,unavailable,,,,,,unavailable
benchmark,nettle-aes,ALL,ghr_hamming_distance,5,unavailable,,,,,,unavailable
benchmark,nettle-aes,ALL,ghr_hamming_distance,6,unavailable,,,,,,unavailable
benchmark,nettle-aes,ALL,ghr_hamming_distance,nonzero_distance_unknown,partially_observed,47140,42691,4449,90.562155,9.437845,SGF
benchmark,nettle-aes,ALL,ghr_bit_difference,same_history,known_zero,0,0,0,,,no_cases
benchmark,nettle-aes,ALL,ghr_bit_difference,one_bit,unavailable,,,,,,unavailable
benchmark,nettle-aes,ALL,ghr_bit_difference,multiple_bits,unavailable,,,,,,unavailable
benchmark,nettle-aes,ALL,ghr_bit_difference,one_or_multiple_unknown,partially_observed,47140,42691,4449,90.562155,9.437845,SGF
benchmark,nettle-aes,6,all_disagreements,all,observed,11272,10078,1194,89.407381,10.592619,SGF
benchmark,nettle-aes,6,sgf_pht_counter,00,observed,1934,1850,84,95.656670,4.343330,SGF
benchmark,nettle-aes,6,sgf_pht_counter,01,observed,687,520,167,75.691412,24.308588,SGF
benchmark,nettle-aes,6,sgf_pht_counter,10,observed,1135,1116,19,98.325991,1.674009,SGF
benchmark,nettle-aes,6,sgf_pht_counter,11,observed,7516,6592,924,87.706227,12.293773,SGF
benchmark,nettle-aes,6,shadow_pht_counter,00,observed,3232,3221,11,99.659653,0.340347,SGF
benchmark,nettle-aes,6,shadow_pht_counter,01,observed,5419,4487,932,82.801255,17.198745,SGF
benchmark,nettle-aes,6,shadow_pht_counter,10,observed,163,75,88,46.012270,53.987730,committed_history
benchmark,nettle-aes,6,shadow_pht_counter,11,observed,2458,2295,163,93.368592,6.631408,SGF
benchmark,nettle-aes,6,unresolved_branch_depth,0,observed,5498,5231,267,95.143689,4.856311,SGF
benchmark,nettle-aes,6,unresolved_branch_depth,1,observed,5774,4847,927,83.945272,16.054728,SGF
benchmark,nettle-aes,6,unresolved_branch_depth,2,observed,0,0,0,,,no_cases
benchmark,nettle-aes,6,unresolved_branch_depth,3,observed,0,0,0,,,no_cases
benchmark,nettle-aes,6,ghr_hamming_distance,0,known_zero,0,0,0,,,no_cases
benchmark,nettle-aes,6,ghr_hamming_distance,1,unavailable,,,,,,unavailable
benchmark,nettle-aes,6,ghr_hamming_distance,2,unavailable,,,,,,unavailable
benchmark,nettle-aes,6,ghr_hamming_distance,3,unavailable,,,,,,unavailable
benchmark,nettle-aes,6,ghr_hamming_distance,4,unavailable,,,,,,unavailable
benchmark,nettle-aes,6,ghr_hamming_distance,5,unavailable,,,,,,unavailable
benchmark,nettle-aes,6,ghr_hamming_distance,6,unavailable,,,,,,unavailable
benchmark,nettle-aes,6,ghr_hamming_distance,nonzero_distance_unknown,partially_observed,11272,10078,1194,89.407381,10.592619,SGF
benchmark,nettle-aes,6,ghr_bit_difference,same_history,known_zero,0,0,0,,,no_cases
benchmark,nettle-aes,6,ghr_bit_difference,one_bit,unavailable,,,,,,unavailable
benchmark,nettle-aes,6,ghr_bit_difference,multiple_bits,unavailable,,,,,,unavailable
benchmark,nettle-aes,6,ghr_bit_difference,one_or_multiple_unknown,partially_observed,11272,10078,1194,89.407381,10.592619,SGF
benchmark,nettle-aes,7,all_disagreements,all,observed,13118,12097,1021,92.216801,7.783199,SGF
benchmark,nettle-aes,7,sgf_pht_counter,00,observed,78,74,4,94.871795,5.128205,SGF
benchmark,nettle-aes,7,sgf_pht_counter,01,observed,80,0,80,0.000000,100.000000,committed_history
benchmark,nettle-aes,7,sgf_pht_counter,10,observed,3894,3817,77,98.022599,1.977401,SGF
benchmark,nettle-aes,7,sgf_pht_counter,11,observed,9066,8206,860,90.514008,9.485992,SGF
benchmark,nettle-aes,7,shadow_pht_counter,00,observed,3292,3292,0,100.000000,0.000000,SGF
benchmark,nettle-aes,7,shadow_pht_counter,01,observed,9668,8731,937,90.308233,9.691767,SGF
benchmark,nettle-aes,7,shadow_pht_counter,10,observed,2,0,2,0.000000,100.000000,committed_history
benchmark,nettle-aes,7,shadow_pht_counter,11,observed,156,74,82,47.435897,52.564103,committed_history
benchmark,nettle-aes,7,unresolved_branch_depth,0,observed,6598,6493,105,98.408609,1.591391,SGF
benchmark,nettle-aes,7,unresolved_branch_depth,1,observed,6520,5604,916,85.950920,14.049080,SGF
benchmark,nettle-aes,7,unresolved_branch_depth,2,observed,0,0,0,,,no_cases
benchmark,nettle-aes,7,unresolved_branch_depth,3,observed,0,0,0,,,no_cases
benchmark,nettle-aes,7,ghr_hamming_distance,0,known_zero,0,0,0,,,no_cases
benchmark,nettle-aes,7,ghr_hamming_distance,1,unavailable,,,,,,unavailable
benchmark,nettle-aes,7,ghr_hamming_distance,2,unavailable,,,,,,unavailable
benchmark,nettle-aes,7,ghr_hamming_distance,3,unavailable,,,,,,unavailable
benchmark,nettle-aes,7,ghr_hamming_distance,4,unavailable,,,,,,unavailable
benchmark,nettle-aes,7,ghr_hamming_distance,5,unavailable,,,,,,unavailable
benchmark,nettle-aes,7,ghr_hamming_distance,6,unavailable,,,,,,unavailable
benchmark,nettle-aes,7,ghr_hamming_distance,nonzero_distance_unknown,partially_observed,13118,12097,1021,92.216801,7.783199,SGF
benchmark,nettle-aes,7,ghr_bit_difference,same_history,known_zero,0,0,0,,,no_cases
benchmark,nettle-aes,7,ghr_bit_difference,one_bit,unavailable,,,,,,unavailable
benchmark,nettle-aes,7,ghr_bit_difference,multiple_bits,unavailable,,,,,,unavailable
benchmark,nettle-aes,7,ghr_bit_difference,one_or_multiple_unknown,partially_observed,13118,12097,1021,92.216801,7.783199,SGF
benchmark,nettle-aes,8,all_disagreements,all,observed,22750,20516,2234,90.180220,9.819780,SGF
benchmark,nettle-aes,8,sgf_pht_counter,00,observed,78,74,4,94.871795,5.128205,SGF
benchmark,nettle-aes,8,sgf_pht_counter,01,observed,78,0,78,0.000000,100.000000,committed_history
benchmark,nettle-aes,8,sgf_pht_counter,10,observed,2935,2858,77,97.376491,2.623509,SGF
benchmark,nettle-aes,8,sgf_pht_counter,11,observed,19659,17584,2075,89.445038,10.554962,SGF
benchmark,nettle-aes,8,shadow_pht_counter,00,observed,3277,3277,0,100.000000,0.000000,SGF
benchmark,nettle-aes,8,shadow_pht_counter,01,observed,19317,17165,2152,88.859554,11.140446,SGF
benchmark,nettle-aes,8,shadow_pht_counter,10,observed,0,0,0,,,no_cases
benchmark,nettle-aes,8,shadow_pht_counter,11,observed,156,74,82,47.435897,52.564103,committed_history
benchmark,nettle-aes,8,unresolved_branch_depth,0,observed,16233,14914,1319,91.874576,8.125424,SGF
benchmark,nettle-aes,8,unresolved_branch_depth,1,observed,6517,5602,915,85.959797,14.040203,SGF
benchmark,nettle-aes,8,unresolved_branch_depth,2,observed,0,0,0,,,no_cases
benchmark,nettle-aes,8,unresolved_branch_depth,3,observed,0,0,0,,,no_cases
benchmark,nettle-aes,8,ghr_hamming_distance,0,known_zero,0,0,0,,,no_cases
benchmark,nettle-aes,8,ghr_hamming_distance,1,unavailable,,,,,,unavailable
benchmark,nettle-aes,8,ghr_hamming_distance,2,unavailable,,,,,,unavailable
benchmark,nettle-aes,8,ghr_hamming_distance,3,unavailable,,,,,,unavailable
benchmark,nettle-aes,8,ghr_hamming_distance,4,unavailable,,,,,,unavailable
benchmark,nettle-aes,8,ghr_hamming_distance,5,unavailable,,,,,,unavailable
benchmark,nettle-aes,8,ghr_hamming_distance,6,unavailable,,,,,,unavailable
benchmark,nettle-aes,8,ghr_hamming_distance,nonzero_distance_unknown,partially_observed,22750,20516,2234,90.180220,9.819780,SGF
benchmark,nettle-aes,8,ghr_bit_difference,same_history,known_zero,0,0,0,,,no_cases
benchmark,nettle-aes,8,ghr_bit_difference,one_bit,unavailable,,,,,,unavailable
benchmark,nettle-aes,8,ghr_bit_difference,multiple_bits,unavailable,,,,,,unavailable
benchmark,nettle-aes,8,ghr_bit_difference,one_or_multiple_unknown,partially_observed,22750,20516,2234,90.180220,9.819780,SGF
benchmark,sglib-combined,ALL,all_disagreements,all,observed,325454,230898,94556,70.946432,29.053568,SGF
benchmark,sglib-combined,ALL,sgf_pht_counter,00,observed,136830,103095,33735,75.345319,24.654681,SGF
benchmark,sglib-combined,ALL,sgf_pht_counter,01,observed,48648,24584,24064,50.534452,49.465548,SGF
benchmark,sglib-combined,ALL,sgf_pht_counter,10,observed,39025,22630,16395,57.988469,42.011531,SGF
benchmark,sglib-combined,ALL,sgf_pht_counter,11,observed,100951,80589,20362,79.829818,20.170182,SGF
benchmark,sglib-combined,ALL,shadow_pht_counter,00,observed,91575,65806,25769,71.860224,28.139776,SGF
benchmark,sglib-combined,ALL,shadow_pht_counter,01,observed,48401,37413,10988,77.297990,22.702010,SGF
benchmark,sglib-combined,ALL,shadow_pht_counter,10,observed,49113,33641,15472,68.497139,31.502861,SGF
benchmark,sglib-combined,ALL,shadow_pht_counter,11,observed,136365,94038,42327,68.960510,31.039490,SGF
benchmark,sglib-combined,ALL,unresolved_branch_depth,0,observed,107238,69227,38011,64.554542,35.445458,SGF
benchmark,sglib-combined,ALL,unresolved_branch_depth,1,observed,218152,161671,56481,74.109337,25.890663,SGF
benchmark,sglib-combined,ALL,unresolved_branch_depth,2,observed,64,0,64,0.000000,100.000000,committed_history
benchmark,sglib-combined,ALL,unresolved_branch_depth,3,observed,0,0,0,,,no_cases
benchmark,sglib-combined,ALL,ghr_hamming_distance,0,known_zero,0,0,0,,,no_cases
benchmark,sglib-combined,ALL,ghr_hamming_distance,1,unavailable,,,,,,unavailable
benchmark,sglib-combined,ALL,ghr_hamming_distance,2,unavailable,,,,,,unavailable
benchmark,sglib-combined,ALL,ghr_hamming_distance,3,unavailable,,,,,,unavailable
benchmark,sglib-combined,ALL,ghr_hamming_distance,4,unavailable,,,,,,unavailable
benchmark,sglib-combined,ALL,ghr_hamming_distance,5,unavailable,,,,,,unavailable
benchmark,sglib-combined,ALL,ghr_hamming_distance,6,unavailable,,,,,,unavailable
benchmark,sglib-combined,ALL,ghr_hamming_distance,nonzero_distance_unknown,partially_observed,325454,230898,94556,70.946432,29.053568,SGF
benchmark,sglib-combined,ALL,ghr_bit_difference,same_history,known_zero,0,0,0,,,no_cases
benchmark,sglib-combined,ALL,ghr_bit_difference,one_bit,unavailable,,,,,,unavailable
benchmark,sglib-combined,ALL,ghr_bit_difference,multiple_bits,unavailable,,,,,,unavailable
benchmark,sglib-combined,ALL,ghr_bit_difference,one_or_multiple_unknown,partially_observed,325454,230898,94556,70.946432,29.053568,SGF
benchmark,sglib-combined,6,all_disagreements,all,observed,102094,73321,28773,71.817149,28.182851,SGF
benchmark,sglib-combined,6,sgf_pht_counter,00,observed,41762,32416,9346,77.620804,22.379196,SGF
benchmark,sglib-combined,6,sgf_pht_counter,01,observed,13765,7204,6561,52.335634,47.664366,SGF
benchmark,sglib-combined,6,sgf_pht_counter,10,observed,12107,6828,5279,56.397126,43.602874,SGF
benchmark,sglib-combined,6,sgf_pht_counter,11,observed,34460,26873,7587,77.983169,22.016831,SGF
benchmark,sglib-combined,6,shadow_pht_counter,00,observed,28937,20521,8416,70.916128,29.083872,SGF
benchmark,sglib-combined,6,shadow_pht_counter,01,observed,17630,13180,4450,74.758934,25.241066,SGF
benchmark,sglib-combined,6,shadow_pht_counter,10,observed,14868,10350,4518,69.612591,30.387409,SGF
benchmark,sglib-combined,6,shadow_pht_counter,11,observed,40659,29270,11389,71.988982,28.011018,SGF
benchmark,sglib-combined,6,unresolved_branch_depth,0,observed,27126,18798,8328,69.298828,30.701172,SGF
benchmark,sglib-combined,6,unresolved_branch_depth,1,observed,74936,54523,20413,72.759421,27.240579,SGF
benchmark,sglib-combined,6,unresolved_branch_depth,2,observed,32,0,32,0.000000,100.000000,committed_history
benchmark,sglib-combined,6,unresolved_branch_depth,3,observed,0,0,0,,,no_cases
benchmark,sglib-combined,6,ghr_hamming_distance,0,known_zero,0,0,0,,,no_cases
benchmark,sglib-combined,6,ghr_hamming_distance,1,unavailable,,,,,,unavailable
benchmark,sglib-combined,6,ghr_hamming_distance,2,unavailable,,,,,,unavailable
benchmark,sglib-combined,6,ghr_hamming_distance,3,unavailable,,,,,,unavailable
benchmark,sglib-combined,6,ghr_hamming_distance,4,unavailable,,,,,,unavailable
benchmark,sglib-combined,6,ghr_hamming_distance,5,unavailable,,,,,,unavailable
benchmark,sglib-combined,6,ghr_hamming_distance,6,unavailable,,,,,,unavailable
benchmark,sglib-combined,6,ghr_hamming_distance,nonzero_distance_unknown,partially_observed,102094,73321,28773,71.817149,28.182851,SGF
benchmark,sglib-combined,6,ghr_bit_difference,same_history,known_zero,0,0,0,,,no_cases
benchmark,sglib-combined,6,ghr_bit_difference,one_bit,unavailable,,,,,,unavailable
benchmark,sglib-combined,6,ghr_bit_difference,multiple_bits,unavailable,,,,,,unavailable
benchmark,sglib-combined,6,ghr_bit_difference,one_or_multiple_unknown,partially_observed,102094,73321,28773,71.817149,28.182851,SGF
benchmark,sglib-combined,7,all_disagreements,all,observed,104911,75015,29896,71.503465,28.496535,SGF
benchmark,sglib-combined,7,sgf_pht_counter,00,observed,45122,34591,10531,76.661052,23.338948,SGF
benchmark,sglib-combined,7,sgf_pht_counter,01,observed,16548,8452,8096,51.075659,48.924341,SGF
benchmark,sglib-combined,7,sgf_pht_counter,10,observed,12172,6795,5377,55.824844,44.175156,SGF
benchmark,sglib-combined,7,sgf_pht_counter,11,observed,31069,25177,5892,81.035759,18.964241,SGF
benchmark,sglib-combined,7,shadow_pht_counter,00,observed,26924,18791,8133,69.792750,30.207250,SGF
benchmark,sglib-combined,7,shadow_pht_counter,01,observed,16317,13181,3136,80.780781,19.219219,SGF
benchmark,sglib-combined,7,shadow_pht_counter,10,observed,16856,11889,4967,70.532748,29.467252,SGF
benchmark,sglib-combined,7,shadow_pht_counter,11,observed,44814,31154,13660,69.518454,30.481546,SGF
benchmark,sglib-combined,7,unresolved_branch_depth,0,observed,35860,22572,13288,62.944785,37.055215,SGF
benchmark,sglib-combined,7,unresolved_branch_depth,1,observed,69019,52443,16576,75.983425,24.016575,SGF
benchmark,sglib-combined,7,unresolved_branch_depth,2,observed,32,0,32,0.000000,100.000000,committed_history
benchmark,sglib-combined,7,unresolved_branch_depth,3,observed,0,0,0,,,no_cases
benchmark,sglib-combined,7,ghr_hamming_distance,0,known_zero,0,0,0,,,no_cases
benchmark,sglib-combined,7,ghr_hamming_distance,1,unavailable,,,,,,unavailable
benchmark,sglib-combined,7,ghr_hamming_distance,2,unavailable,,,,,,unavailable
benchmark,sglib-combined,7,ghr_hamming_distance,3,unavailable,,,,,,unavailable
benchmark,sglib-combined,7,ghr_hamming_distance,4,unavailable,,,,,,unavailable
benchmark,sglib-combined,7,ghr_hamming_distance,5,unavailable,,,,,,unavailable
benchmark,sglib-combined,7,ghr_hamming_distance,6,unavailable,,,,,,unavailable
benchmark,sglib-combined,7,ghr_hamming_distance,nonzero_distance_unknown,partially_observed,104911,75015,29896,71.503465,28.496535,SGF
benchmark,sglib-combined,7,ghr_bit_difference,same_history,known_zero,0,0,0,,,no_cases
benchmark,sglib-combined,7,ghr_bit_difference,one_bit,unavailable,,,,,,unavailable
benchmark,sglib-combined,7,ghr_bit_difference,multiple_bits,unavailable,,,,,,unavailable
benchmark,sglib-combined,7,ghr_bit_difference,one_or_multiple_unknown,partially_observed,104911,75015,29896,71.503465,28.496535,SGF
benchmark,sglib-combined,8,all_disagreements,all,observed,118449,82562,35887,69.702572,30.297428,SGF
benchmark,sglib-combined,8,sgf_pht_counter,00,observed,49946,36088,13858,72.254034,27.745966,SGF
benchmark,sglib-combined,8,sgf_pht_counter,01,observed,18335,8928,9407,48.693755,51.306245,committed_history
benchmark,sglib-combined,8,sgf_pht_counter,10,observed,14746,9007,5739,61.080971,38.919029,SGF
benchmark,sglib-combined,8,sgf_pht_counter,11,observed,35422,28539,6883,80.568573,19.431427,SGF
benchmark,sglib-combined,8,shadow_pht_counter,00,observed,35714,26494,9220,74.183793,25.816207,SGF
benchmark,sglib-combined,8,shadow_pht_counter,01,observed,14454,11052,3402,76.463263,23.536737,SGF
benchmark,sglib-combined,8,shadow_pht_counter,10,observed,17389,11402,5987,65.570188,34.429812,SGF
benchmark,sglib-combined,8,shadow_pht_counter,11,observed,50892,33614,17278,66.049674,33.950326,SGF
benchmark,sglib-combined,8,unresolved_branch_depth,0,observed,44252,27857,16395,62.950827,37.049173,SGF
benchmark,sglib-combined,8,unresolved_branch_depth,1,observed,74197,54705,19492,73.729396,26.270604,SGF
benchmark,sglib-combined,8,unresolved_branch_depth,2,observed,0,0,0,,,no_cases
benchmark,sglib-combined,8,unresolved_branch_depth,3,observed,0,0,0,,,no_cases
benchmark,sglib-combined,8,ghr_hamming_distance,0,known_zero,0,0,0,,,no_cases
benchmark,sglib-combined,8,ghr_hamming_distance,1,unavailable,,,,,,unavailable
benchmark,sglib-combined,8,ghr_hamming_distance,2,unavailable,,,,,,unavailable
benchmark,sglib-combined,8,ghr_hamming_distance,3,unavailable,,,,,,unavailable
benchmark,sglib-combined,8,ghr_hamming_distance,4,unavailable,,,,,,unavailable
benchmark,sglib-combined,8,ghr_hamming_distance,5,unavailable,,,,,,unavailable
benchmark,sglib-combined,8,ghr_hamming_distance,6,unavailable,,,,,,unavailable
benchmark,sglib-combined,8,ghr_hamming_distance,nonzero_distance_unknown,partially_observed,118449,82562,35887,69.702572,30.297428,SGF
benchmark,sglib-combined,8,ghr_bit_difference,same_history,known_zero,0,0,0,,,no_cases
benchmark,sglib-combined,8,ghr_bit_difference,one_bit,unavailable,,,,,,unavailable
benchmark,sglib-combined,8,ghr_bit_difference,multiple_bits,unavailable,,,,,,unavailable
benchmark,sglib-combined,8,ghr_bit_difference,one_or_multiple_unknown,partially_observed,118449,82562,35887,69.702572,30.297428,SGF
benchmark,statemate,ALL,all_disagreements,all,observed,46619,43268,3351,92.811944,7.188056,SGF
benchmark,statemate,ALL,sgf_pht_counter,00,observed,2,0,2,0.000000,100.000000,committed_history
benchmark,statemate,ALL,sgf_pht_counter,01,observed,3349,0,3349,0.000000,100.000000,committed_history
benchmark,statemate,ALL,sgf_pht_counter,10,observed,16,16,0,100.000000,0.000000,SGF
benchmark,statemate,ALL,sgf_pht_counter,11,observed,43252,43252,0,100.000000,0.000000,SGF
benchmark,statemate,ALL,shadow_pht_counter,00,observed,9977,9977,0,100.000000,0.000000,SGF
benchmark,statemate,ALL,shadow_pht_counter,01,observed,33291,33291,0,100.000000,0.000000,SGF
benchmark,statemate,ALL,shadow_pht_counter,10,observed,2,0,2,0.000000,100.000000,committed_history
benchmark,statemate,ALL,shadow_pht_counter,11,observed,3349,0,3349,0.000000,100.000000,committed_history
benchmark,statemate,ALL,unresolved_branch_depth,0,observed,26637,26626,11,99.958704,0.041296,SGF
benchmark,statemate,ALL,unresolved_branch_depth,1,observed,19982,16642,3340,83.284956,16.715044,SGF
benchmark,statemate,ALL,unresolved_branch_depth,2,observed,0,0,0,,,no_cases
benchmark,statemate,ALL,unresolved_branch_depth,3,observed,0,0,0,,,no_cases
benchmark,statemate,ALL,ghr_hamming_distance,0,known_zero,0,0,0,,,no_cases
benchmark,statemate,ALL,ghr_hamming_distance,1,unavailable,,,,,,unavailable
benchmark,statemate,ALL,ghr_hamming_distance,2,unavailable,,,,,,unavailable
benchmark,statemate,ALL,ghr_hamming_distance,3,unavailable,,,,,,unavailable
benchmark,statemate,ALL,ghr_hamming_distance,4,unavailable,,,,,,unavailable
benchmark,statemate,ALL,ghr_hamming_distance,5,unavailable,,,,,,unavailable
benchmark,statemate,ALL,ghr_hamming_distance,6,unavailable,,,,,,unavailable
benchmark,statemate,ALL,ghr_hamming_distance,nonzero_distance_unknown,partially_observed,46619,43268,3351,92.811944,7.188056,SGF
benchmark,statemate,ALL,ghr_bit_difference,same_history,known_zero,0,0,0,,,no_cases
benchmark,statemate,ALL,ghr_bit_difference,one_bit,unavailable,,,,,,unavailable
benchmark,statemate,ALL,ghr_bit_difference,multiple_bits,unavailable,,,,,,unavailable
benchmark,statemate,ALL,ghr_bit_difference,one_or_multiple_unknown,partially_observed,46619,43268,3351,92.811944,7.188056,SGF
benchmark,statemate,6,all_disagreements,all,observed,19981,16640,3341,83.279115,16.720885,SGF
benchmark,statemate,6,sgf_pht_counter,00,observed,2,0,2,0.000000,100.000000,committed_history
benchmark,statemate,6,sgf_pht_counter,01,observed,3339,0,3339,0.000000,100.000000,committed_history
benchmark,statemate,6,sgf_pht_counter,10,observed,6,6,0,100.000000,0.000000,SGF
benchmark,statemate,6,sgf_pht_counter,11,observed,16634,16634,0,100.000000,0.000000,SGF
benchmark,statemate,6,shadow_pht_counter,00,observed,3325,3325,0,100.000000,0.000000,SGF
benchmark,statemate,6,shadow_pht_counter,01,observed,13315,13315,0,100.000000,0.000000,SGF
benchmark,statemate,6,shadow_pht_counter,10,observed,2,0,2,0.000000,100.000000,committed_history
benchmark,statemate,6,shadow_pht_counter,11,observed,3339,0,3339,0.000000,100.000000,committed_history
benchmark,statemate,6,unresolved_branch_depth,0,observed,6659,6658,1,99.984983,0.015017,SGF
benchmark,statemate,6,unresolved_branch_depth,1,observed,13322,9982,3340,74.928689,25.071311,SGF
benchmark,statemate,6,unresolved_branch_depth,2,observed,0,0,0,,,no_cases
benchmark,statemate,6,unresolved_branch_depth,3,observed,0,0,0,,,no_cases
benchmark,statemate,6,ghr_hamming_distance,0,known_zero,0,0,0,,,no_cases
benchmark,statemate,6,ghr_hamming_distance,1,unavailable,,,,,,unavailable
benchmark,statemate,6,ghr_hamming_distance,2,unavailable,,,,,,unavailable
benchmark,statemate,6,ghr_hamming_distance,3,unavailable,,,,,,unavailable
benchmark,statemate,6,ghr_hamming_distance,4,unavailable,,,,,,unavailable
benchmark,statemate,6,ghr_hamming_distance,5,unavailable,,,,,,unavailable
benchmark,statemate,6,ghr_hamming_distance,6,unavailable,,,,,,unavailable
benchmark,statemate,6,ghr_hamming_distance,nonzero_distance_unknown,partially_observed,19981,16640,3341,83.279115,16.720885,SGF
benchmark,statemate,6,ghr_bit_difference,same_history,known_zero,0,0,0,,,no_cases
benchmark,statemate,6,ghr_bit_difference,one_bit,unavailable,,,,,,unavailable
benchmark,statemate,6,ghr_bit_difference,multiple_bits,unavailable,,,,,,unavailable
benchmark,statemate,6,ghr_bit_difference,one_or_multiple_unknown,partially_observed,19981,16640,3341,83.279115,16.720885,SGF
benchmark,statemate,7,all_disagreements,all,observed,13319,13314,5,99.962460,0.037540,SGF
benchmark,statemate,7,sgf_pht_counter,00,observed,0,0,0,,,no_cases
benchmark,statemate,7,sgf_pht_counter,01,observed,5,0,5,0.000000,100.000000,committed_history
benchmark,statemate,7,sgf_pht_counter,10,observed,5,5,0,100.000000,0.000000,SGF
benchmark,statemate,7,sgf_pht_counter,11,observed,13309,13309,0,100.000000,0.000000,SGF
benchmark,statemate,7,shadow_pht_counter,00,observed,3326,3326,0,100.000000,0.000000,SGF
benchmark,statemate,7,shadow_pht_counter,01,observed,9988,9988,0,100.000000,0.000000,SGF
benchmark,statemate,7,shadow_pht_counter,10,observed,0,0,0,,,no_cases
benchmark,statemate,7,shadow_pht_counter,11,observed,5,0,5,0.000000,100.000000,committed_history
benchmark,statemate,7,unresolved_branch_depth,0,observed,9989,9984,5,99.949945,0.050055,SGF
benchmark,statemate,7,unresolved_branch_depth,1,observed,3330,3330,0,100.000000,0.000000,SGF
benchmark,statemate,7,unresolved_branch_depth,2,observed,0,0,0,,,no_cases
benchmark,statemate,7,unresolved_branch_depth,3,observed,0,0,0,,,no_cases
benchmark,statemate,7,ghr_hamming_distance,0,known_zero,0,0,0,,,no_cases
benchmark,statemate,7,ghr_hamming_distance,1,unavailable,,,,,,unavailable
benchmark,statemate,7,ghr_hamming_distance,2,unavailable,,,,,,unavailable
benchmark,statemate,7,ghr_hamming_distance,3,unavailable,,,,,,unavailable
benchmark,statemate,7,ghr_hamming_distance,4,unavailable,,,,,,unavailable
benchmark,statemate,7,ghr_hamming_distance,5,unavailable,,,,,,unavailable
benchmark,statemate,7,ghr_hamming_distance,6,unavailable,,,,,,unavailable
benchmark,statemate,7,ghr_hamming_distance,nonzero_distance_unknown,partially_observed,13319,13314,5,99.962460,0.037540,SGF
benchmark,statemate,7,ghr_bit_difference,same_history,known_zero,0,0,0,,,no_cases
benchmark,statemate,7,ghr_bit_difference,one_bit,unavailable,,,,,,unavailable
benchmark,statemate,7,ghr_bit_difference,multiple_bits,unavailable,,,,,,unavailable
benchmark,statemate,7,ghr_bit_difference,one_or_multiple_unknown,partially_observed,13319,13314,5,99.962460,0.037540,SGF
benchmark,statemate,8,all_disagreements,all,observed,13319,13314,5,99.962460,0.037540,SGF
benchmark,statemate,8,sgf_pht_counter,00,observed,0,0,0,,,no_cases
benchmark,statemate,8,sgf_pht_counter,01,observed,5,0,5,0.000000,100.000000,committed_history
benchmark,statemate,8,sgf_pht_counter,10,observed,5,5,0,100.000000,0.000000,SGF
benchmark,statemate,8,sgf_pht_counter,11,observed,13309,13309,0,100.000000,0.000000,SGF
benchmark,statemate,8,shadow_pht_counter,00,observed,3326,3326,0,100.000000,0.000000,SGF
benchmark,statemate,8,shadow_pht_counter,01,observed,9988,9988,0,100.000000,0.000000,SGF
benchmark,statemate,8,shadow_pht_counter,10,observed,0,0,0,,,no_cases
benchmark,statemate,8,shadow_pht_counter,11,observed,5,0,5,0.000000,100.000000,committed_history
benchmark,statemate,8,unresolved_branch_depth,0,observed,9989,9984,5,99.949945,0.050055,SGF
benchmark,statemate,8,unresolved_branch_depth,1,observed,3330,3330,0,100.000000,0.000000,SGF
benchmark,statemate,8,unresolved_branch_depth,2,observed,0,0,0,,,no_cases
benchmark,statemate,8,unresolved_branch_depth,3,observed,0,0,0,,,no_cases
benchmark,statemate,8,ghr_hamming_distance,0,known_zero,0,0,0,,,no_cases
benchmark,statemate,8,ghr_hamming_distance,1,unavailable,,,,,,unavailable
benchmark,statemate,8,ghr_hamming_distance,2,unavailable,,,,,,unavailable
benchmark,statemate,8,ghr_hamming_distance,3,unavailable,,,,,,unavailable
benchmark,statemate,8,ghr_hamming_distance,4,unavailable,,,,,,unavailable
benchmark,statemate,8,ghr_hamming_distance,5,unavailable,,,,,,unavailable
benchmark,statemate,8,ghr_hamming_distance,6,unavailable,,,,,,unavailable
benchmark,statemate,8,ghr_hamming_distance,nonzero_distance_unknown,partially_observed,13319,13314,5,99.962460,0.037540,SGF
benchmark,statemate,8,ghr_bit_difference,same_history,known_zero,0,0,0,,,no_cases
benchmark,statemate,8,ghr_bit_difference,one_bit,unavailable,,,,,,unavailable
benchmark,statemate,8,ghr_bit_difference,multiple_bits,unavailable,,,,,,unavailable
benchmark,statemate,8,ghr_bit_difference,one_or_multiple_unknown,partially_observed,13319,13314,5,99.962460,0.037540,SGF
